{"result":1,"feeds":[{"displayTime":null,"time":"2019-04-27 22:22:29","timestamp":1556374949205,"photo_id":5259641427562346040,"photo_status":0,"share_count":0,"view_count":77335,"like_count":5355,"caption":"有点 喜欢你","unlike_count":0,"forward_count":0,"plcFeatureEntryAbFlag":0,"noNeedToRequestPLCApi":true,"hasMusicTag":true,"music":{"user":{"user_id":448379847,"user_sex":"F","headurl":"http://ali2.a.yximgs.com/uhead/AB/2019/12/20/17/BMjAxOTEyMjAxNzU0MjNfNDQ4Mzc5ODQ3XzJfaGQ4NTRfODEx_s.jpg","headurls":[{"cdn":"ali2.a.yximgs.com","url":"http://ali2.a.yximgs.com/uhead/AB/2019/12/20/17/BMjAxOTEyMjAxNzU0MjNfNDQ4Mzc5ODQ3XzJfaGQ4NTRfODEx_s.jpg","urlPattern":"http://aliimg.a.yximgs.com/uhead/AB/2019/12/20/17/BMjAxOTEyMjAxNzU0MjNfNDQ4Mzc5ODQ3XzJfaGQ4NTRfODEx_s.jpg@0e_0o_0l_{h}h_{w}w_85q.src"},{"cdn":"js2.a.yximgs.com","url":"http://js2.a.yximgs.com/uhead/AB/2019/12/20/17/BMjAxOTEyMjAxNzU0MjNfNDQ4Mzc5ODQ3XzJfaGQ4NTRfODEx_s.jpg","urlPattern":"http://js2.a.yximgs.com/uhead/AB/2019/12/20/17/BMjAxOTEyMjAxNzU0MjNfNDQ4Mzc5ODQ3XzJfaGQ4NTRfODEx_s.jpg@base@tag%3DimgScale%26r%3D0%26q%3D85%26w%3D{w}%26h%3D{h}%26rotate"}],"profilePagePrefetchInfo":{"profilePageType":2},"eid":"3x4ky9kcy5vtrqq","user_name":"娟娟（娟娟）"},"photoId":5216294277137332870,"imageUrls":[{"cdn":"tx2.a.yximgs.com","url":"http://tx2.a.yximgs.com/bs2/ost/MTI1NDU3MzE1MzhfNDQ4Mzc5ODQ3.jpg"},{"cdn":"static.yximgs.com","url":"http://static.yximgs.com/bs2/ost/MTI1NDU3MzE1MzhfNDQ4Mzc5ODQ3.jpg"}],"artist":"娟娟（娟娟）","avatarUrls":[{"cdn":"tx2.a.yximgs.com","url":"http://tx2.a.yximgs.com/bs2/ost/MTI1NDU3MzE1MzhfNDQ4Mzc5ODQ3.jpg"},{"cdn":"static.yximgs.com","url":"http://static.yximgs.com/bs2/ost/MTI1NDU3MzE1MzhfNDQ4Mzc5ODQ3.jpg"}],"audioUrls":[{"cdn":"tx2.a.yximgs.com","url":"http://tx2.a.yximgs.com/bs2/ost/MTI1NDU3MzE1MzhfNDQ4Mzc5ODQ3.m4a"},{"cdn":"static.yximgs.com","url":"http://static.yximgs.com/bs2/ost/MTI1NDU3MzE1MzhfNDQ4Mzc5ODQ3.m4a"}],"name":"娟娟（娟娟）的作品原声","genreId":0,"audioType":1,"loudness":-15.0,"id":"5xbn8d9w384h4yc","type":9,"disableEnhancedEntry":true},"recoTags":[],"fashionEntranceShow":{"showType":3,"bizId":"5xbn8d9w384h4yc"},"sameFrame":{"allow":false},"adminTags":[],"tags":[],"tag_hash_type":1,"shareGuide":{},"cover_thumbnail_urls":[{"cdn":"ali2.a.yximgs.com","url":"http://ali2.a.yximgs.com/upic/2019/04/27/22/BMjAxOTA0MjcyMjIyMjdfMjEzNjIwMjM5XzEyNTU5OTQwMDcwXzFfNg==_thumbnail_Bf49af153e36522373da0bc5b2a8957f3.webp?tag=1-1579799705-p-0-pxjlutaez3-057c754f5111320e"},{"cdn":"tx2.a.yximgs.com","url":"http://tx2.a.yximgs.com/upic/2019/04/27/22/BMjAxOTA0MjcyMjIyMjdfMjEzNjIwMjM5XzEyNTU5OTQwMDcwXzFfNg==_thumbnail_Bf49af153e36522373da0bc5b2a8957f3.webp?tag=1-1579799705-p-1-ac6mxiyx8g-9806a447a799ef58"}],"cover_urls":[{"cdn":"ali2.a.yximgs.com","url":"http://ali2.a.yximgs.com/upic/2019/04/27/22/BMjAxOTA0MjcyMjIyMjdfMjEzNjIwMjM5XzEyNTU5OTQwMDcwXzFfNg==_Bb92e1f131abca1d0cec5ff6e6fb024b2.jpg?tag=1-1579799705-p-0-vvhzbo1y0t-3292af3615e55c78"},{"cdn":"tx2.a.yximgs.com","url":"http://tx2.a.yximgs.com/upic/2019/04/27/22/BMjAxOTA0MjcyMjIyMjdfMjEzNjIwMjM5XzEyNTU5OTQwMDcwXzFfNg==_Bb92e1f131abca1d0cec5ff6e6fb024b2.jpg?tag=1-1579799705-p-1-mtbviyanby-b288bc1e3d9df454"}],"poi":{"city":"大理白族自治州","title":"好来世纪广场","latitude":25.34655,"longitude":100.48155,"address":"云南省大理白族自治州弥渡县城北行政办公区西南方向167米","id":277595043,"category":0},"comments":[],"us_c":0,"comment_count":46,"following":1,"kwaiId":"L550505539","verified":false,"user_sex":"F","us_l":true,"headurls":[{"cdn":"ali2.a.yximgs.com","url":"http://ali2.a.yximgs.com/uhead/AB/2019/09/16/15/BMjAxOTA5MTYxNTUxMzFfMjEzNjIwMjM5XzFfaGQ5MTlfNzA3_s.jpg","urlPattern":"http://aliimg.a.yximgs.com/uhead/AB/2019/09/16/15/BMjAxOTA5MTYxNTUxMzFfMjEzNjIwMjM5XzFfaGQ5MTlfNzA3_s.jpg@0e_0o_0l_{h}h_{w}w_85q.src"},{"cdn":"js2.a.yximgs.com","url":"http://js2.a.yximgs.com/uhead/AB/2019/09/16/15/BMjAxOTA5MTYxNTUxMzFfMjEzNjIwMjM5XzFfaGQ5MTlfNzA3_s.jpg","urlPattern":"http://js2.a.yximgs.com/uhead/AB/2019/09/16/15/BMjAxOTA5MTYxNTUxMzFfMjEzNjIwMjM5XzFfaGQ5MTlfNzA3_s.jpg@base@tag%3DimgScale%26r%3D0%26q%3D85%26w%3D{w}%26h%3D{h}%26rotate"}],"isFavorited":true,"user_name":"洛绝不认输","editInfo":{},"moodLikeType":0,"hated":0,"liked":0,"enableShareToStory":true,"us_d":1,"forward_stats_params":{"fid":"936679176","et":"1_i/2000018710097120962_p0"},"share_info":"userId=3xb9kfxwvj2nb3c&photoId=3xs6nictqwi8v9q","type":1,"ext_params":{"mtype":6,"color":"E2E2E2","f":0,"atlas":{"volume":1.0,"music":"/ufile/atlas/MjEzNjIwMjM5XzEyNTU5OTQwMDcw.m4a","cdnList":[{"cdn":"ali2.a.yximgs.com"},{"cdn":"tx2.a.yximgs.com"}],"size":[{"w":1080,"h":1142},{"w":1080,"h":1080},{"w":1080,"h":1122},{"w":1080,"h":1358},{"w":1080,"h":1916},{"w":1080,"h":1200},{"w":1080,"h":1438}],"type":1,"cdn":["ali2.a.yximgs.com","tx2.a.yximgs.com"],"list":["/ufile/atlas/MjEzNjIwMjM5XzEyNTU5OTQwMDcw_0.webp","/ufile/atlas/MjEzNjIwMjM5XzEyNTU5OTQwMDcw_1.webp","/ufile/atlas/MjEzNjIwMjM5XzEyNTU5OTQwMDcw_2.webp","/ufile/atlas/MjEzNjIwMjM5XzEyNTU5OTQwMDcw_3.webp","/ufile/atlas/MjEzNjIwMjM5XzEyNTU5OTQwMDcw_4.webp","/ufile/atlas/MjEzNjIwMjM5XzEyNTU5OTQwMDcw_5.webp","/ufile/atlas/MjEzNjIwMjM5XzEyNTU5OTQwMDcw_6.webp"]},"w":1242,"h":1314},"user_id":213620239,"exp_tag":"1_i/2000018710097120962_p0","serverExpTag":"feed_photo|5259641427562346040|213620239|1_i/2000018710097120962_p0","reco_reason":"p0","extEntry":null,"profilePagePrefetchInfo":{"profilePageType":1}},{"displayTime":null,"time":"2019-04-23 07:48:24","timestamp":1555976904028,"photo_id":5238812279333206461,"photo_status":0,"share_count":0,"view_count":48351,"like_count":2500,"caption":"我现在还没睡","unlike_count":0,"forward_count":0,"plcFeatureEntryAbFlag":0,"noNeedToRequestPLCApi":true,"hasMusicTag":true,"music":{"user":{"kwaiId":"INDORA1998","user_id":1101185884,"user_sex":"M","headurl":"http://ali2.a.yximgs.com/uhead/AB/2019/11/20/11/BMjAxOTExMjAxMTIwMDNfMTEwMTE4NTg4NF8xX2hkMTIyXzc3OA==_s.jpg","headurls":[{"cdn":"ali2.a.yximgs.com","url":"http://ali2.a.yximgs.com/uhead/AB/2019/11/20/11/BMjAxOTExMjAxMTIwMDNfMTEwMTE4NTg4NF8xX2hkMTIyXzc3OA==_s.jpg","urlPattern":"http://aliimg.a.yximgs.com/uhead/AB/2019/11/20/11/BMjAxOTExMjAxMTIwMDNfMTEwMTE4NTg4NF8xX2hkMTIyXzc3OA==_s.jpg@0e_0o_0l_{h}h_{w}w_85q.src"},{"cdn":"js2.a.yximgs.com","url":"http://js2.a.yximgs.com/uhead/AB/2019/11/20/11/BMjAxOTExMjAxMTIwMDNfMTEwMTE4NTg4NF8xX2hkMTIyXzc3OA==_s.jpg","urlPattern":"http://js2.a.yximgs.com/uhead/AB/2019/11/20/11/BMjAxOTExMjAxMTIwMDNfMTEwMTE4NTg4NF8xX2hkMTIyXzc3OA==_s.jpg@base@tag%3DimgScale%26r%3D0%26q%3D85%26w%3D{w}%26h%3D{h}%26rotate"}],"profilePagePrefetchInfo":{"profilePageType":1},"eid":"3xsas8sf878zr62","user_name":"31  INDORA\uD83E\uDDF8"},"photoId":5200531682230512532,"imageUrls":[{"cdn":"tx2.a.yximgs.com","url":"http://tx2.a.yximgs.com/bs2/ost/MTE4ODI5MjAzOTVfMTEwMTE4NTg4NA.jpg"},{"cdn":"static.yximgs.com","url":"http://static.yximgs.com/bs2/ost/MTE4ODI5MjAzOTVfMTEwMTE4NTg4NA.jpg"}],"artist":"31  INDORA\uD83E\uDDF8","avatarUrls":[{"cdn":"tx2.a.yximgs.com","url":"http://tx2.a.yximgs.com/bs2/ost/MTE4ODI5MjAzOTVfMTEwMTE4NTg4NA.jpg"},{"cdn":"static.yximgs.com","url":"http://static.yximgs.com/bs2/ost/MTE4ODI5MjAzOTVfMTEwMTE4NTg4NA.jpg"}],"audioUrls":[{"cdn":"tx2.a.yximgs.com","url":"http://tx2.a.yximgs.com/bs2/ost/MTE4ODI5MjAzOTVfMTEwMTE4NTg4NA.m4a"},{"cdn":"static.yximgs.com","url":"http://static.yximgs.com/bs2/ost/MTE4ODI5MjAzOTVfMTEwMTE4NTg4NA.m4a"}],"name":"31  INDORA\uD83E\uDDF8的作品原声","genreId":0,"audioType":1,"loudness":-15.0,"id":"5xfk8zkiubr9wyw","type":9,"disableEnhancedEntry":true},"recoTags":[],"fashionEntranceShow":{"showType":3,"bizId":"5xfk8zkiubr9wyw"},"sameFrame":{"allow":true,"availableDepth":7},"adminTags":[],"tags":[],"tag_hash_type":1,"shareGuide":{},"adaptationSet":[{"adaptationId":1,"representation":[{"urls":[{"cdn":"alimov2.a.yximgs.com","url":"http://alimov2.a.yximgs.com/upic/2019/04/23/07/BMjAxOTA0MjMwNzQ4MjJfMjEzNjIwMjM5XzEyNDM3NDg3MTE4XzFfMw==_rmeo_B701fcd59a1f3f40b6e6e81c87f00c615.mp4?tag=1-1579799705-p-0-izyglwd4hu-c6fbf4ea27796727"},{"cdn":"txmov2.a.yximgs.com","url":"http://txmov2.a.yximgs.com/upic/2019/04/23/07/BMjAxOTA0MjMwNzQ4MjJfMjEzNjIwMjM5XzEyNDM3NDg3MTE4XzFfMw==_rmeo_B701fcd59a1f3f40b6e6e81c87f00c615.mp4?tag=1-1579799705-p-1-xlwvhi1get-59e2fa3b19e3ee58"}],"id":1,"qualityShow":"SUPER","height":1280,"width":720,"maxBitrate":1900,"avgBitrate":368,"quality":1.6},{"urls":[{"cdn":"alimov2.a.yximgs.com","url":"http://alimov2.a.yximgs.com/upic/2019/04/23/07/BMjAxOTA0MjMwNzQ4MjJfMjEzNjIwMjM5XzEyNDM3NDg3MTE4XzFfMw==_hd12_Bdafaa4ef104e4e1a7b2ecdd0d7c4c4bf.mp4?tag=1-1579799705-p-0-3aywdwtfsd-a1819816a5cba218"},{"cdn":"txmov2.a.yximgs.com","url":"http://txmov2.a.yximgs.com/upic/2019/04/23/07/BMjAxOTA0MjMwNzQ4MjJfMjEzNjIwMjM5XzEyNDM3NDg3MTE4XzFfMw==_hd12_Bdafaa4ef104e4e1a7b2ecdd0d7c4c4bf.mp4?tag=1-1579799705-p-1-fvek1pyzax-efbd608502986cbf"}],"id":2,"qualityShow":"HIGH","height":960,"width":540,"maxBitrate":750,"avgBitrate":333,"quality":1.0}],"duration":12600}],"main_mv_urls":[{"cdn":"alimov2.a.yximgs.com","url":"http://alimov2.a.yximgs.com/upic/2019/04/23/07/BMjAxOTA0MjMwNzQ4MjJfMjEzNjIwMjM5XzEyNDM3NDg3MTE4XzFfMw==_b_B818e5e147f0e92706bec4c25e2f4b676.mp4?tag=1-1579799705-p-0-n139cwkvya-229f209fde18d9d3"},{"cdn":"txmov2.a.yximgs.com","url":"http://txmov2.a.yximgs.com/upic/2019/04/23/07/BMjAxOTA0MjMwNzQ4MjJfMjEzNjIwMjM5XzEyNDM3NDg3MTE4XzFfMw==_b_B818e5e147f0e92706bec4c25e2f4b676.mp4?tag=1-1579799705-p-1-q9fs03rmb9-e227cc4a824efc95"}],"cover_thumbnail_urls":[{"cdn":"ali2.a.yximgs.com","url":"http://ali2.a.yximgs.com/upic/2019/04/23/07/BMjAxOTA0MjMwNzQ4MjJfMjEzNjIwMjM5XzEyNDM3NDg3MTE4XzFfMw==_low_B11865a43be500e7f700908c8eff09fc7.webp?tag=1-1579799705-p-0-dpk34tm5ni-602792c630ed7e97"},{"cdn":"tx2.a.yximgs.com","url":"http://tx2.a.yximgs.com/upic/2019/04/23/07/BMjAxOTA0MjMwNzQ4MjJfMjEzNjIwMjM5XzEyNDM3NDg3MTE4XzFfMw==_low_B11865a43be500e7f700908c8eff09fc7.webp?tag=1-1579799705-p-1-qaqbsuipbd-d76c7ba41f135eda"}],"main_mv_urls_h265":[{"cdn":"alimov2.a.yximgs.com","url":"http://alimov2.a.yximgs.com/upic/2019/04/23/07/BMjAxOTA0MjMwNzQ4MjJfMjEzNjIwMjM5XzEyNDM3NDg3MTE4XzFfMw==_rmeo_B701fcd59a1f3f40b6e6e81c87f00c615.mp4?tag=1-1579799705-p-0-avoqf12vel-a320b367c8400a5a"},{"cdn":"txmov2.a.yximgs.com","url":"http://txmov2.a.yximgs.com/upic/2019/04/23/07/BMjAxOTA0MjMwNzQ4MjJfMjEzNjIwMjM5XzEyNDM3NDg3MTE4XzFfMw==_rmeo_B701fcd59a1f3f40b6e6e81c87f00c615.mp4?tag=1-1579799705-p-1-uboz1u4gd6-f35a43ecac2ef0c7"}],"main_mv_urls_sd_h265":[{"cdn":"alimov2.a.yximgs.com","url":"http://alimov2.a.yximgs.com/upic/2019/04/23/07/BMjAxOTA0MjMwNzQ4MjJfMjEzNjIwMjM5XzEyNDM3NDg3MTE4XzFfMw==_hd12_Bdafaa4ef104e4e1a7b2ecdd0d7c4c4bf.mp4?tag=1-1579799705-p-0-cvjvemehix-52f696302075044c"},{"cdn":"txmov2.a.yximgs.com","url":"http://txmov2.a.yximgs.com/upic/2019/04/23/07/BMjAxOTA0MjMwNzQ4MjJfMjEzNjIwMjM5XzEyNDM3NDg3MTE4XzFfMw==_hd12_Bdafaa4ef104e4e1a7b2ecdd0d7c4c4bf.mp4?tag=1-1579799705-p-1-uoalzs5fqx-b13e906cec4c544f"}],"ff_cover_thumbnail_urls":[{"cdn":"ali2.a.yximgs.com","url":"http://ali2.a.yximgs.com/upic/2019/04/23/07/BMjAxOTA0MjMwNzQ4MjJfMjEzNjIwMjM5XzEyNDM3NDg3MTE4XzFfMw==_ff_B4c065c15a20a08054abb0c71fdadef53.kpg?tag=1-1579799705-p-0-umkgusxokb-6dfcb676853683a4"},{"cdn":"tx2.a.yximgs.com","url":"http://tx2.a.yximgs.com/upic/2019/04/23/07/BMjAxOTA0MjMwNzQ4MjJfMjEzNjIwMjM5XzEyNDM3NDg3MTE4XzFfMw==_ff_B4c065c15a20a08054abb0c71fdadef53.kpg?tag=1-1579799705-p-1-swkj2mlims-7003ddc0eead1231"}],"comments":[],"us_c":0,"comment_count":48,"following":1,"kwaiId":"L550505539","verified":false,"user_sex":"F","us_l":true,"headurls":[{"cdn":"ali2.a.yximgs.com","url":"http://ali2.a.yximgs.com/uhead/AB/2019/09/16/15/BMjAxOTA5MTYxNTUxMzFfMjEzNjIwMjM5XzFfaGQ5MTlfNzA3_s.jpg","urlPattern":"http://aliimg.a.yximgs.com/uhead/AB/2019/09/16/15/BMjAxOTA5MTYxNTUxMzFfMjEzNjIwMjM5XzFfaGQ5MTlfNzA3_s.jpg@0e_0o_0l_{h}h_{w}w_85q.src"},{"cdn":"js2.a.yximgs.com","url":"http://js2.a.yximgs.com/uhead/AB/2019/09/16/15/BMjAxOTA5MTYxNTUxMzFfMjEzNjIwMjM5XzFfaGQ5MTlfNzA3_s.jpg","urlPattern":"http://js2.a.yximgs.com/uhead/AB/2019/09/16/15/BMjAxOTA5MTYxNTUxMzFfMjEzNjIwMjM5XzFfaGQ5MTlfNzA3_s.jpg@base@tag%3DimgScale%26r%3D0%26q%3D85%26w%3D{w}%26h%3D{h}%26rotate"}],"isFavorited":true,"user_name":"洛绝不认输","editInfo":{},"moodLikeType":0,"hated":0,"liked":0,"enableShareToStory":true,"us_d":1,"forward_stats_params":{"fid":"936679176","et":"1_i/2000018710097120962_p0"},"share_info":"userId=3xb9kfxwvj2nb3c&photoId=3x5qce2ebd3j6r4","duration":12600,"type":1,"ext_params":{"mtype":3,"color":"E2E2E2","w":720,"sound":12585,"h":1280,"interval":30,"video":12600},"user_id":213620239,"exp_tag":"1_i/2000018710097120962_p0","serverExpTag":"feed_photo|5238812279333206461|213620239|1_i/2000018710097120962_p0","reco_reason":"p0","extEntry":null,"profilePagePrefetchInfo":{"profilePageType":1}},{"displayTime":null,"time":"2019-03-17 17:31:11","timestamp":1552815071943,"photo_id":5218546079163461237,"photo_status":0,"share_count":0,"view_count":42358,"like_count":3158,"caption":"hi。晚上好","unlike_count":0,"forward_count":0,"plcFeatureEntryAbFlag":0,"noNeedToRequestPLCApi":true,"hasMusicTag":true,"music":{"user":{"kwaiId":"xuesong8123","user_id":1122432586,"user_sex":"F","headurl":"http://js2.a.yximgs.com/uhead/AB/2018/11/17/19/BMjAxODExMTcxOTE2MDdfMTEyMjQzMjU4Nl8xX2hkOTcwXzg4Nw==_s.jpg","headurls":[{"cdn":"js2.a.yximgs.com","url":"http://js2.a.yximgs.com/uhead/AB/2018/11/17/19/BMjAxODExMTcxOTE2MDdfMTEyMjQzMjU4Nl8xX2hkOTcwXzg4Nw==_s.jpg","urlPattern":"http://js2.a.yximgs.com/uhead/AB/2018/11/17/19/BMjAxODExMTcxOTE2MDdfMTEyMjQzMjU4Nl8xX2hkOTcwXzg4Nw==_s.jpg@base@tag%3DimgScale%26r%3D0%26q%3D85%26w%3D{w}%26h%3D{h}%26rotate"},{"cdn":"ali2.a.yximgs.com","url":"http://ali2.a.yximgs.com/uhead/AB/2018/11/17/19/BMjAxODExMTcxOTE2MDdfMTEyMjQzMjU4Nl8xX2hkOTcwXzg4Nw==_s.jpg","urlPattern":"http://aliimg.a.yximgs.com/uhead/AB/2018/11/17/19/BMjAxODExMTcxOTE2MDdfMTEyMjQzMjU4Nl8xX2hkOTcwXzg4Nw==_s.jpg@0e_0o_0l_{h}h_{w}w_85q.src"}],"profilePagePrefetchInfo":{"profilePageType":1},"eid":"3xnt2b3xpsk25vc","user_name":"阿婷音乐"},"photoId":5240219651069979038,"imageUrls":[{"cdn":"tx2.a.yximgs.com","url":"http://tx2.a.yximgs.com/bs2/ost/MTEwNjA4NDc0NzVfMTEyMjQzMjU4Ng.jpg"},{"cdn":"static.yximgs.com","url":"http://static.yximgs.com/bs2/ost/MTEwNjA4NDc0NzVfMTEyMjQzMjU4Ng.jpg"}],"artist":"阿婷音乐","avatarUrls":[{"cdn":"tx2.a.yximgs.com","url":"http://tx2.a.yximgs.com/bs2/ost/MTEwNjA4NDc0NzVfMTEyMjQzMjU4Ng.jpg"},{"cdn":"static.yximgs.com","url":"http://static.yximgs.com/bs2/ost/MTEwNjA4NDc0NzVfMTEyMjQzMjU4Ng.jpg"}],"audioUrls":[{"cdn":"tx2.a.yximgs.com","url":"http://tx2.a.yximgs.com/bs2/ost/MTEwNjA4NDc0NzVfMTEyMjQzMjU4Ng.m4a"},{"cdn":"static.yximgs.com","url":"http://static.yximgs.com/bs2/ost/MTEwNjA4NDc0NzVfMTEyMjQzMjU4Ng.m4a"}],"name":"阿婷音乐的作品原声","genreId":0,"audioType":1,"loudness":-15.0,"id":"5x88qm9s3s4dkua","type":9,"disableEnhancedEntry":true},"recoTags":[],"fashionEntranceShow":{"showType":3,"bizId":"5x88qm9s3s4dkua"},"sameFrame":{"allow":true,"availableDepth":7},"adminTags":[],"tags":[],"tag_hash_type":1,"shareGuide":{},"main_mv_urls":[{"cdn":"120.221.219.42","url":"http://120.221.219.42/upic/2019/03/17/17/BMjAxOTAzMTcxNzMxMTBfMjEzNjIwMjM5XzExNDc1NDkyOTg1XzFfMw==_b_B729b05b7acdd1abdcd3d53844fe9015a.mp4?tag=1-1579799705-p-0-cp5qmxysuz-893b08b9bb3e9292&provider=self&ocid=551"},{"cdn":"hwmov.a.yximgs.com","url":"http://hwmov.a.yximgs.com/upic/2019/03/17/17/BMjAxOTAzMTcxNzMxMTBfMjEzNjIwMjM5XzExNDc1NDkyOTg1XzFfMw==_b_B729b05b7acdd1abdcd3d53844fe9015a.mp4?tag=1-1579799705-p-1-q3m2r3sytw-e0db81d2c7223755"}],"cover_thumbnail_urls":[{"cdn":"hw.a.yximgs.com","url":"http://hw.a.yximgs.com/upic/2019/03/17/17/BMjAxOTAzMTcxNzMxMTBfMjEzNjIwMjM5XzExNDc1NDkyOTg1XzFfMw==_low_Be348dbcf62ef816e4a356bd0f2dcbe7f.webp?tag=1-1579799705-p-0-q044rympe4-bfc87a1e1263f82d"},{"cdn":"js2.a.yximgs.com","url":"http://js2.a.yximgs.com/upic/2019/03/17/17/BMjAxOTAzMTcxNzMxMTBfMjEzNjIwMjM5XzExNDc1NDkyOTg1XzFfMw==_low_Be348dbcf62ef816e4a356bd0f2dcbe7f.webp?tag=1-1579799705-p-1-0d6mpxasbi-04452a72328f86fe"}],"ff_cover_thumbnail_urls":[{"cdn":"hw.a.yximgs.com","url":"http://hw.a.yximgs.com/upic/2019/03/17/17/BMjAxOTAzMTcxNzMxMTBfMjEzNjIwMjM5XzExNDc1NDkyOTg1XzFfMw==_ff_B20b0cac7068e96b791e5d4b77b7c6d67.kpg?tag=1-1579799705-p-0-wow3efwikm-64d571f85db45679"},{"cdn":"js2.a.yximgs.com","url":"http://js2.a.yximgs.com/upic/2019/03/17/17/BMjAxOTAzMTcxNzMxMTBfMjEzNjIwMjM5XzExNDc1NDkyOTg1XzFfMw==_ff_B20b0cac7068e96b791e5d4b77b7c6d67.kpg?tag=1-1579799705-p-1-qoucspix07-194acf5e93ac1b9e"}],"comments":[],"us_c":0,"comment_count":16,"following":1,"kwaiId":"L550505539","verified":false,"user_sex":"F","us_l":true,"headurls":[{"cdn":"ali2.a.yximgs.com","url":"http://ali2.a.yximgs.com/uhead/AB/2019/09/16/15/BMjAxOTA5MTYxNTUxMzFfMjEzNjIwMjM5XzFfaGQ5MTlfNzA3_s.jpg","urlPattern":"http://aliimg.a.yximgs.com/uhead/AB/2019/09/16/15/BMjAxOTA5MTYxNTUxMzFfMjEzNjIwMjM5XzFfaGQ5MTlfNzA3_s.jpg@0e_0o_0l_{h}h_{w}w_85q.src"},{"cdn":"js2.a.yximgs.com","url":"http://js2.a.yximgs.com/uhead/AB/2019/09/16/15/BMjAxOTA5MTYxNTUxMzFfMjEzNjIwMjM5XzFfaGQ5MTlfNzA3_s.jpg","urlPattern":"http://js2.a.yximgs.com/uhead/AB/2019/09/16/15/BMjAxOTA5MTYxNTUxMzFfMjEzNjIwMjM5XzFfaGQ5MTlfNzA3_s.jpg@base@tag%3DimgScale%26r%3D0%26q%3D85%26w%3D{w}%26h%3D{h}%26rotate"}],"isFavorited":true,"user_name":"洛绝不认输","editInfo":{},"moodLikeType":0,"hated":0,"liked":0,"enableShareToStory":true,"us_d":1,"forward_stats_params":{"fid":"936679176","et":"1_i/2000018710097120962_p0"},"share_info":"userId=3xb9kfxwvj2nb3c&photoId=3x3k9zrs9sma39k","duration":8966,"type":1,"ext_params":{"mtype":3,"color":"E2E2E2","w":400,"sound":8961,"h":712,"interval":30,"video":8966},"user_id":213620239,"exp_tag":"1_i/2000018710097120962_p0","serverExpTag":"feed_photo|5218546079163461237|213620239|1_i/2000018710097120962_p0","reco_reason":"p0","extEntry":null,"profilePagePrefetchInfo":{"profilePageType":1}},{"displayTime":null,"time":"2019-03-04 19:12:18","timestamp":1551697938210,"photo_id":5231493929002623527,"photo_status":0,"share_count":0,"view_count":23801,"like_count":908,"caption":"卑微luo","unlike_count":0,"forward_count":0,"plcFeatureEntryAbFlag":0,"noNeedToRequestPLCApi":true,"hasMusicTag":true,"recoTags":[],"sameFrame":{"allow":false},"adminTags":[],"tags":[],"tag_hash_type":1,"shareGuide":{},"cover_thumbnail_urls":[{"cdn":"js2.a.yximgs.com","url":"http://js2.a.yximgs.com/upic/2019/03/04/19/BMjAxOTAzMDQxOTEyMTZfMjEzNjIwMjM5XzExMTcyOTM4MjI1XzFfNg==_thumbnail_Bd762bdc58141552508e1829f52918e79.webp?tag=1-1579799705-p-0-dcqhrdqjrp-aa005ce98160cc0d"},{"cdn":"tx2.a.yximgs.com","url":"http://tx2.a.yximgs.com/upic/2019/03/04/19/BMjAxOTAzMDQxOTEyMTZfMjEzNjIwMjM5XzExMTcyOTM4MjI1XzFfNg==_thumbnail_Bd762bdc58141552508e1829f52918e79.webp?tag=1-1579799705-p-1-ru73xogag8-267a567352da1f0a"}],"cover_urls":[{"cdn":"js2.a.yximgs.com","url":"http://js2.a.yximgs.com/upic/2019/03/04/19/BMjAxOTAzMDQxOTEyMTZfMjEzNjIwMjM5XzExMTcyOTM4MjI1XzFfNg==_Bd4a46246a126a84c4b7bce9898abc525.jpg?tag=1-1579799705-p-0-2grp8xjgbn-4b9724a71658689c"},{"cdn":"tx2.a.yximgs.com","url":"http://tx2.a.yximgs.com/upic/2019/03/04/19/BMjAxOTAzMDQxOTEyMTZfMjEzNjIwMjM5XzExMTcyOTM4MjI1XzFfNg==_Bd4a46246a126a84c4b7bce9898abc525.jpg?tag=1-1579799705-p-1-g40wgkll5w-9dbdbe8231a33db8"}],"comments":[],"us_c":0,"comment_count":15,"following":1,"kwaiId":"L550505539","verified":false,"user_sex":"F","us_l":true,"headurls":[{"cdn":"ali2.a.yximgs.com","url":"http://ali2.a.yximgs.com/uhead/AB/2019/09/16/15/BMjAxOTA5MTYxNTUxMzFfMjEzNjIwMjM5XzFfaGQ5MTlfNzA3_s.jpg","urlPattern":"http://aliimg.a.yximgs.com/uhead/AB/2019/09/16/15/BMjAxOTA5MTYxNTUxMzFfMjEzNjIwMjM5XzFfaGQ5MTlfNzA3_s.jpg@0e_0o_0l_{h}h_{w}w_85q.src"},{"cdn":"js2.a.yximgs.com","url":"http://js2.a.yximgs.com/uhead/AB/2019/09/16/15/BMjAxOTA5MTYxNTUxMzFfMjEzNjIwMjM5XzFfaGQ5MTlfNzA3_s.jpg","urlPattern":"http://js2.a.yximgs.com/uhead/AB/2019/09/16/15/BMjAxOTA5MTYxNTUxMzFfMjEzNjIwMjM5XzFfaGQ5MTlfNzA3_s.jpg@base@tag%3DimgScale%26r%3D0%26q%3D85%26w%3D{w}%26h%3D{h}%26rotate"}],"isFavorited":true,"user_name":"洛绝不认输","editInfo":{},"moodLikeType":0,"hated":0,"liked":0,"us_d":1,"forward_stats_params":{"fid":"936679176","et":"1_i/2000018710097120962_p0"},"share_info":"userId=3xb9kfxwvj2nb3c&photoId=3x5vbadmk9egc4m","type":1,"ext_params":{"mtype":6,"color":"E2E2E2","f":0,"atlas":{"volume":1.0,"music":"/ufile/atlas/MjEzNjIwMjM5XzExMTcyOTM4MjI1.m4a","cdnList":[{"cdn":"js2.a.yximgs.com"},{"cdn":"tx2.a.yximgs.com"}],"size":[{"w":1080,"h":1232},{"w":1080,"h":1182},{"w":1080,"h":1102},{"w":1080,"h":858},{"w":1080,"h":1436},{"w":1080,"h":1216}],"type":2,"cdn":["js2.a.yximgs.com","tx2.a.yximgs.com"],"list":["/ufile/atlas/MjEzNjIwMjM5XzExMTcyOTM4MjI1_0.webp","/ufile/atlas/MjEzNjIwMjM5XzExMTcyOTM4MjI1_1.webp","/ufile/atlas/MjEzNjIwMjM5XzExMTcyOTM4MjI1_2.webp","/ufile/atlas/MjEzNjIwMjM5XzExMTcyOTM4MjI1_3.webp","/ufile/atlas/MjEzNjIwMjM5XzExMTcyOTM4MjI1_4.webp","/ufile/atlas/MjEzNjIwMjM5XzExMTcyOTM4MjI1_5.webp"]},"w":1684,"h":1920},"user_id":213620239,"exp_tag":"1_i/2000018710097120962_p0","serverExpTag":"feed_photo|5231493929002623527|213620239|1_i/2000018710097120962_p0","reco_reason":"p0","extEntry":null,"profilePagePrefetchInfo":{"profilePageType":1}},{"displayTime":null,"time":"2019-02-26 22:26:46","timestamp":1551191206472,"photo_id":5214886905483318110,"photo_status":0,"share_count":0,"view_count":27760,"like_count":941,"caption":"啊啊凉","unlike_count":0,"forward_count":0,"plcFeatureEntryAbFlag":0,"noNeedToRequestPLCApi":true,"hasMusicTag":true,"music":{"nameChanged":true,"user":{"kwaiId":"c-dongri","user_id":3501268,"user_sex":"F","headurl":"http://ali2.a.yximgs.com/uhead/AB/2019/07/16/17/BMjAxOTA3MTYxNzAxNThfMzUwMTI2OF8xX2hkMjIxXzkzOA==_s.jpg","headurls":[{"cdn":"ali2.a.yximgs.com","url":"http://ali2.a.yximgs.com/uhead/AB/2019/07/16/17/BMjAxOTA3MTYxNzAxNThfMzUwMTI2OF8xX2hkMjIxXzkzOA==_s.jpg","urlPattern":"http://aliimg.a.yximgs.com/uhead/AB/2019/07/16/17/BMjAxOTA3MTYxNzAxNThfMzUwMTI2OF8xX2hkMjIxXzkzOA==_s.jpg@0e_0o_0l_{h}h_{w}w_85q.src"},{"cdn":"js2.a.yximgs.com","url":"http://js2.a.yximgs.com/uhead/AB/2019/07/16/17/BMjAxOTA3MTYxNzAxNThfMzUwMTI2OF8xX2hkMjIxXzkzOA==_s.jpg","urlPattern":"http://js2.a.yximgs.com/uhead/AB/2019/07/16/17/BMjAxOTA3MTYxNzAxNThfMzUwMTI2OF8xX2hkMjIxXzkzOA==_s.jpg@base@tag%3DimgScale%26r%3D0%26q%3D85%26w%3D{w}%26h%3D{h}%26rotate"}],"profilePagePrefetchInfo":{"profilePageType":1},"eid":"3xfkjjxcutwmrxu","user_name":"東日"},"photoId":5251197175157352519,"imageUrls":[{"cdn":"tx2.a.yximgs.com","url":"http://tx2.a.yximgs.com/bs2/ost/OTQ2OTk5OTc2MF8zNTAxMjY4.jpg"},{"cdn":"static.yximgs.com","url":"http://static.yximgs.com/bs2/ost/OTQ2OTk5OTc2MF8zNTAxMjY4.jpg"}],"artist":"東日","avatarUrls":[{"cdn":"tx2.a.yximgs.com","url":"http://tx2.a.yximgs.com/bs2/ost/OTQ2OTk5OTc2MF8zNTAxMjY4.jpg"},{"cdn":"static.yximgs.com","url":"http://static.yximgs.com/bs2/ost/OTQ2OTk5OTc2MF8zNTAxMjY4.jpg"}],"audioUrls":[{"cdn":"tx2.a.yximgs.com","url":"http://tx2.a.yximgs.com/bs2/ost/OTQ2OTk5OTc2MF8zNTAxMjY4.m4a"},{"cdn":"static.yximgs.com","url":"http://static.yximgs.com/bs2/ost/OTQ2OTk5OTc2MF8zNTAxMjY4.m4a"}],"name":"《Toxic》I'm addicted to you","genreId":0,"audioType":1,"loudness":-15.0,"id":"5x7bhqhrxaxm2me","type":9,"disableEnhancedEntry":true},"recoTags":[],"fashionEntranceShow":{"showType":3,"bizId":"5x7bhqhrxaxm2me"},"sameFrame":{"allow":false},"adminTags":[],"tags":[],"tag_hash_type":1,"shareGuide":{},"cover_thumbnail_urls":[{"cdn":"ali2.a.yximgs.com","url":"http://ali2.a.yximgs.com/upic/2019/02/26/22/BMjAxOTAyMjYyMjI2NDVfMjEzNjIwMjM5XzExMDQ1MzM2MDcyXzFfNg==_thumbnail_Ba57a5535905228fe278355c4f2a3d4c7.webp?tag=1-1579799705-p-0-ofq3max85e-af660b67cf1358be"},{"cdn":"tx2.a.yximgs.com","url":"http://tx2.a.yximgs.com/upic/2019/02/26/22/BMjAxOTAyMjYyMjI2NDVfMjEzNjIwMjM5XzExMDQ1MzM2MDcyXzFfNg==_thumbnail_Ba57a5535905228fe278355c4f2a3d4c7.webp?tag=1-1579799705-p-1-hizpxhhgcz-86810951b51b1a6a"}],"cover_urls":[{"cdn":"ali2.a.yximgs.com","url":"http://ali2.a.yximgs.com/upic/2019/02/26/22/BMjAxOTAyMjYyMjI2NDVfMjEzNjIwMjM5XzExMDQ1MzM2MDcyXzFfNg==_B2283c3faf36379bbfaca5f78cfdb391c.jpg?tag=1-1579799705-p-0-tncdj1bcfe-5a2630c7407eb6b9"},{"cdn":"tx2.a.yximgs.com","url":"http://tx2.a.yximgs.com/upic/2019/02/26/22/BMjAxOTAyMjYyMjI2NDVfMjEzNjIwMjM5XzExMDQ1MzM2MDcyXzFfNg==_B2283c3faf36379bbfaca5f78cfdb391c.jpg?tag=1-1579799705-p-1-sx8u3xkaza-9a9a9b7fe148029a"}],"comments":[],"us_c":0,"comment_count":17,"following":1,"kwaiId":"L550505539","verified":false,"user_sex":"F","us_l":true,"headurls":[{"cdn":"ali2.a.yximgs.com","url":"http://ali2.a.yximgs.com/uhead/AB/2019/09/16/15/BMjAxOTA5MTYxNTUxMzFfMjEzNjIwMjM5XzFfaGQ5MTlfNzA3_s.jpg","urlPattern":"http://aliimg.a.yximgs.com/uhead/AB/2019/09/16/15/BMjAxOTA5MTYxNTUxMzFfMjEzNjIwMjM5XzFfaGQ5MTlfNzA3_s.jpg@0e_0o_0l_{h}h_{w}w_85q.src"},{"cdn":"js2.a.yximgs.com","url":"http://js2.a.yximgs.com/uhead/AB/2019/09/16/15/BMjAxOTA5MTYxNTUxMzFfMjEzNjIwMjM5XzFfaGQ5MTlfNzA3_s.jpg","urlPattern":"http://js2.a.yximgs.com/uhead/AB/2019/09/16/15/BMjAxOTA5MTYxNTUxMzFfMjEzNjIwMjM5XzFfaGQ5MTlfNzA3_s.jpg@base@tag%3DimgScale%26r%3D0%26q%3D85%26w%3D{w}%26h%3D{h}%26rotate"}],"isFavorited":true,"user_name":"洛绝不认输","editInfo":{},"moodLikeType":0,"hated":0,"liked":0,"us_d":1,"forward_stats_params":{"fid":"936679176","et":"1_i/2000018710097120962_p0"},"share_info":"userId=3xb9kfxwvj2nb3c&photoId=3xegsptcnksh9wi","type":1,"ext_params":{"mtype":6,"color":"E2E2E2","f":0,"atlas":{"volume":1.0,"music":"/ufile/atlas/MjEzNjIwMjM5XzExMDQ1MzM2MDcy.m4a","cdnList":[{"cdn":"ali2.a.yximgs.com"},{"cdn":"tx2.a.yximgs.com"}],"size":[{"w":1080,"h":1214},{"w":1080,"h":996},{"w":1080,"h":1294},{"w":1080,"h":1232},{"w":1080,"h":1436}],"type":1,"cdn":["ali2.a.yximgs.com","tx2.a.yximgs.com"],"list":["/ufile/atlas/MjEzNjIwMjM5XzExMDQ1MzM2MDcy_0.webp","/ufile/atlas/MjEzNjIwMjM5XzExMDQ1MzM2MDcy_1.webp","/ufile/atlas/MjEzNjIwMjM5XzExMDQ1MzM2MDcy_2.webp","/ufile/atlas/MjEzNjIwMjM5XzExMDQ1MzM2MDcy_3.webp","/ufile/atlas/MjEzNjIwMjM5XzExMDQ1MzM2MDcy_4.webp"]},"w":1920,"h":1769},"user_id":213620239,"exp_tag":"1_i/2000018710097120962_p0","serverExpTag":"feed_photo|5214886905483318110|213620239|1_i/2000018710097120962_p0","reco_reason":"p0","extEntry":null,"profilePagePrefetchInfo":{"profilePageType":1}},{"displayTime":null,"time":"2019-02-11 02:57:38","timestamp":1549825058792,"photo_id":5259922902012803959,"photo_status":0,"share_count":0,"view_count":61692,"like_count":4262,"caption":"晚安","unlike_count":0,"forward_count":0,"plcFeatureEntryAbFlag":0,"noNeedToRequestPLCApi":true,"hasMusicTag":true,"music":{"musicianUid":578558326,"originalArtist":null,"originalName":"遥不可及的你（cover花粥）","user":{"kwaiId":"lijinyaoyaoyaoyao","user_id":578558326,"user_sex":"F","headurl":"http://ali2.a.yximgs.com/uhead/AB/2019/07/18/14/BMjAxOTA3MTgxNDQ1MDJfNTc4NTU4MzI2XzFfaGQ5MTZfNjk5_s.jpg","headurls":[{"cdn":"ali2.a.yximgs.com","url":"http://ali2.a.yximgs.com/uhead/AB/2019/07/18/14/BMjAxOTA3MTgxNDQ1MDJfNTc4NTU4MzI2XzFfaGQ5MTZfNjk5_s.jpg","urlPattern":"http://aliimg.a.yximgs.com/uhead/AB/2019/07/18/14/BMjAxOTA3MTgxNDQ1MDJfNTc4NTU4MzI2XzFfaGQ5MTZfNjk5_s.jpg@0e_0o_0l_{h}h_{w}w_85q.src"},{"cdn":"js2.a.yximgs.com","url":"http://js2.a.yximgs.com/uhead/AB/2019/07/18/14/BMjAxOTA3MTgxNDQ1MDJfNTc4NTU4MzI2XzFfaGQ5MTZfNjk5_s.jpg","urlPattern":"http://js2.a.yximgs.com/uhead/AB/2019/07/18/14/BMjAxOTA3MTgxNDQ1MDJfNTc4NTU4MzI2XzFfaGQ5MTZfNjk5_s.jpg@base@tag%3DimgScale%26r%3D0%26q%3D85%26w%3D{w}%26h%3D{h}%26rotate"}],"profilePagePrefetchInfo":{"profilePageType":1},"eid":"3xj3d6h6wu76kxq","user_name":"李瑨瑶"},"auditStatus":3,"uploadTime":1531896003743,"artist":"李瑨瑶","genreId":3,"avatarUrls":[{"cdn":"tx2.a.yximgs.com","url":"http://tx2.a.yximgs.com/udata/music/cm_UZi12M5xr40_v.jpg"},{"cdn":"static.yximgs.com","url":"http://static.yximgs.com/udata/music/cm_UZi12M5xr40_v.jpg"}],"duration":98,"name":"遥不可及的你（cover花粥）","begin":16731,"end":31877,"id":"5xjbe4xn97yhfgu","type":8,"url":"http://tx2.a.yximgs.com/udata/music/cm_DcDPhhNsRrY_v.m4a","imageUrls":[{"cdn":"tx2.a.yximgs.com","url":"http://tx2.a.yximgs.com/udata/music/cm_UZi12M5xr40_v.jpg"},{"cdn":"static.yximgs.com","url":"http://static.yximgs.com/udata/music/cm_UZi12M5xr40_v.jpg"}],"lrc":"http://tx2.a.yximgs.com/udata/music/cm_h88H_RRwhJo_v.trcx","chorus":16731,"audioType":1,"lrcUrls":[{"cdn":"tx2.a.yximgs.com","url":"http://tx2.a.yximgs.com/udata/music/cm_h88H_RRwhJo_v.trcx"},{"cdn":"static.yximgs.com","url":"http://static.yximgs.com/udata/music/cm_h88H_RRwhJo_v.trcx"}],"audioUrls":[{"cdn":"tx2.a.yximgs.com","url":"http://tx2.a.yximgs.com/udata/music/cm_DcDPhhNsRrY_v.m4a"},{"cdn":"static.yximgs.com","url":"http://static.yximgs.com/udata/music/cm_DcDPhhNsRrY_v.m4a"}],"avatarUrl":"http://tx2.a.yximgs.com/udata/music/cm_UZi12M5xr40_v.jpg","snippetUrls":[{"cdn":"tx2.a.yximgs.com","url":"http://tx2.a.yximgs.com/udata/music/cm_DcDPhhNsRrY_vs.m4a"},{"cdn":"static.yximgs.com","url":"http://static.yximgs.com/udata/music/cm_DcDPhhNsRrY_vs.m4a"}],"snippetDuration":60,"loudness":-24.444048},"recoTags":[],"fashionEntranceShow":{"showType":3,"bizId":"5xjbe4xn97yhfgu"},"sameFrame":{"allow":false},"adminTags":[],"tags":[],"tag_hash_type":1,"shareGuide":{},"cover_thumbnail_urls":[{"cdn":"js2.a.yximgs.com","url":"http://js2.a.yximgs.com/upic/2019/02/11/02/BMjAxOTAyMTEwMjU3MzdfMjEzNjIwMjM5XzEwNjUzMjg5Njk3XzFfNg==_thumbnail_B727fa7310d6e7c1fd749041a7cbaa50b.webp?tag=1-1579799705-p-0-c2osoavdgo-5003c163523cbde9"},{"cdn":"tx2.a.yximgs.com","url":"http://tx2.a.yximgs.com/upic/2019/02/11/02/BMjAxOTAyMTEwMjU3MzdfMjEzNjIwMjM5XzEwNjUzMjg5Njk3XzFfNg==_thumbnail_B727fa7310d6e7c1fd749041a7cbaa50b.webp?tag=1-1579799705-p-1-ekyr1186dd-2dc0c203eb532022"}],"cover_urls":[{"cdn":"js2.a.yximgs.com","url":"http://js2.a.yximgs.com/upic/2019/02/11/02/BMjAxOTAyMTEwMjU3MzdfMjEzNjIwMjM5XzEwNjUzMjg5Njk3XzFfNg==_B1bbca68fca65c2c7d3def9cdd9c7d5c6.jpg?tag=1-1579799705-p-0-qyb78umbl7-a1468b809ea43b45"},{"cdn":"tx2.a.yximgs.com","url":"http://tx2.a.yximgs.com/upic/2019/02/11/02/BMjAxOTAyMTEwMjU3MzdfMjEzNjIwMjM5XzEwNjUzMjg5Njk3XzFfNg==_B1bbca68fca65c2c7d3def9cdd9c7d5c6.jpg?tag=1-1579799705-p-1-lcxjdtd5i7-ec700fb731f34881"}],"comments":[],"us_c":0,"comment_count":34,"following":1,"kwaiId":"L550505539","verified":false,"user_sex":"F","us_l":true,"headurls":[{"cdn":"ali2.a.yximgs.com","url":"http://ali2.a.yximgs.com/uhead/AB/2019/09/16/15/BMjAxOTA5MTYxNTUxMzFfMjEzNjIwMjM5XzFfaGQ5MTlfNzA3_s.jpg","urlPattern":"http://aliimg.a.yximgs.com/uhead/AB/2019/09/16/15/BMjAxOTA5MTYxNTUxMzFfMjEzNjIwMjM5XzFfaGQ5MTlfNzA3_s.jpg@0e_0o_0l_{h}h_{w}w_85q.src"},{"cdn":"js2.a.yximgs.com","url":"http://js2.a.yximgs.com/uhead/AB/2019/09/16/15/BMjAxOTA5MTYxNTUxMzFfMjEzNjIwMjM5XzFfaGQ5MTlfNzA3_s.jpg","urlPattern":"http://js2.a.yximgs.com/uhead/AB/2019/09/16/15/BMjAxOTA5MTYxNTUxMzFfMjEzNjIwMjM5XzFfaGQ5MTlfNzA3_s.jpg@base@tag%3DimgScale%26r%3D0%26q%3D85%26w%3D{w}%26h%3D{h}%26rotate"}],"isFavorited":true,"user_name":"洛绝不认输","editInfo":{},"moodLikeType":0,"hated":0,"liked":0,"enableShareToStory":true,"us_d":1,"forward_stats_params":{"fid":"936679176","et":"1_i/2000018710097120962_p0"},"share_info":"userId=3xb9kfxwvj2nb3c&photoId=3xm63cmqpwdf9gg","type":1,"ext_params":{"mtype":6,"color":"E2E2E2","f":0,"atlas":{"volume":1.0,"music":"/ufile/atlas/MjEzNjIwMjM5XzEwNjUzMjg5Njk3.m4a","cdnList":[{"cdn":"js2.a.yximgs.com"},{"cdn":"tx2.a.yximgs.com"}],"size":[{"w":1080,"h":1472},{"w":1080,"h":932},{"w":1080,"h":1188},{"w":1080,"h":1162},{"w":1080,"h":1080},{"w":1080,"h":1080}],"type":1,"cdn":["js2.a.yximgs.com","tx2.a.yximgs.com"],"list":["/ufile/atlas/MjEzNjIwMjM5XzEwNjUzMjg5Njk3_0.webp","/ufile/atlas/MjEzNjIwMjM5XzEwNjUzMjg5Njk3_1.webp","/ufile/atlas/MjEzNjIwMjM5XzEwNjUzMjg5Njk3_2.webp","/ufile/atlas/MjEzNjIwMjM5XzEwNjUzMjg5Njk3_3.webp","/ufile/atlas/MjEzNjIwMjM5XzEwNjUzMjg5Njk3_4.webp","/ufile/atlas/MjEzNjIwMjM5XzEwNjUzMjg5Njk3_5.webp"]},"w":1786,"h":1920},"user_id":213620239,"exp_tag":"1_i/2000018710097120962_p0","serverExpTag":"feed_photo|5259922902012803959|213620239|1_i/2000018710097120962_p0","reco_reason":"p0","followShoot":{"lrcUrls":[{"cdn":"tx2.a.yximgs.com","url":"http://tx2.a.yximgs.com/bs2/ost/MTA2NTMyODk2OTdfMjEzNjIwMjM5.trcx"},{"cdn":"static.yximgs.com","url":"http://static.yximgs.com/bs2/ost/MTA2NTMyODk2OTdfMjEzNjIwMjM5.trcx"}]},"extEntry":null,"profilePagePrefetchInfo":{"profilePageType":1}},{"displayTime":null,"time":"2019-02-06 19:03:52","timestamp":1549451032597,"photo_id":5195465130944685651,"photo_status":0,"share_count":0,"view_count":37986,"like_count":2393,"caption":"哈哈哈真好看啊这汉服","unlike_count":0,"forward_count":0,"plcFeatureEntryAbFlag":0,"noNeedToRequestPLCApi":true,"hasMusicTag":true,"music":{"user":{"kwaiId":"yiying2052467523","user_id":19723832,"user_sex":"F","headurl":"http://ali2.a.yximgs.com/uhead/AB/2020/01/17/15/BMjAyMDAxMTcxNTExMjZfMTk3MjM4MzJfMV9oZDk3MV82MQ==_s.jpg","headurls":[{"cdn":"ali2.a.yximgs.com","url":"http://ali2.a.yximgs.com/uhead/AB/2020/01/17/15/BMjAyMDAxMTcxNTExMjZfMTk3MjM4MzJfMV9oZDk3MV82MQ==_s.jpg","urlPattern":"http://aliimg.a.yximgs.com/uhead/AB/2020/01/17/15/BMjAyMDAxMTcxNTExMjZfMTk3MjM4MzJfMV9oZDk3MV82MQ==_s.jpg@0e_0o_0l_{h}h_{w}w_85q.src"},{"cdn":"js2.a.yximgs.com","url":"http://js2.a.yximgs.com/uhead/AB/2020/01/17/15/BMjAyMDAxMTcxNTExMjZfMTk3MjM4MzJfMV9oZDk3MV82MQ==_s.jpg","urlPattern":"http://js2.a.yximgs.com/uhead/AB/2020/01/17/15/BMjAyMDAxMTcxNTExMjZfMTk3MjM4MzJfMV9oZDk3MV82MQ==_s.jpg@base@tag%3DimgScale%26r%3D0%26q%3D85%26w%3D{w}%26h%3D{h}%26rotate"}],"profilePagePrefetchInfo":{"profilePageType":1},"eid":"3x4nbcy8ns5w8ya","user_name":"伊滢ying"},"photoId":5206442654277253384,"imageUrls":[{"cdn":"tx2.a.yximgs.com","url":"http://tx2.a.yximgs.com/bs2/ost/OTU3NzM5Nzc5OF8xOTcyMzgzMg.jpg"},{"cdn":"static.yximgs.com","url":"http://static.yximgs.com/bs2/ost/OTU3NzM5Nzc5OF8xOTcyMzgzMg.jpg"}],"artist":"伊滢ying","avatarUrls":[{"cdn":"tx2.a.yximgs.com","url":"http://tx2.a.yximgs.com/bs2/ost/OTU3NzM5Nzc5OF8xOTcyMzgzMg.jpg"},{"cdn":"static.yximgs.com","url":"http://static.yximgs.com/bs2/ost/OTU3NzM5Nzc5OF8xOTcyMzgzMg.jpg"}],"audioUrls":[{"cdn":"tx2.a.yximgs.com","url":"http://tx2.a.yximgs.com/bs2/ost/OTU3NzM5Nzc5OF8xOTcyMzgzMg.m4a"},{"cdn":"static.yximgs.com","url":"http://static.yximgs.com/bs2/ost/OTU3NzM5Nzc5OF8xOTcyMzgzMg.m4a"}],"name":"伊滢ying的作品原声","genreId":0,"audioType":1,"loudness":-15.0,"id":"5xah5y5crgtf3ec","type":9,"disableEnhancedEntry":true},"recoTags":[],"fashionEntranceShow":{"showType":3,"bizId":"5xah5y5crgtf3ec"},"sameFrame":{"allow":false},"adminTags":[],"tags":[],"tag_hash_type":1,"shareGuide":{},"cover_thumbnail_urls":[{"cdn":"js2.a.yximgs.com","url":"http://js2.a.yximgs.com/upic/2019/02/06/19/BMjAxOTAyMDYxOTAzNTFfMjEzNjIwMjM5XzEwNTQwNTcwMTkwXzFfNg==_thumbnail_B6ad9ba9cdbe3ea3d65dc103765a7f251.webp?tag=1-1579799705-p-0-o4rabzhq0t-4592a3411c660860"},{"cdn":"tx2.a.yximgs.com","url":"http://tx2.a.yximgs.com/upic/2019/02/06/19/BMjAxOTAyMDYxOTAzNTFfMjEzNjIwMjM5XzEwNTQwNTcwMTkwXzFfNg==_thumbnail_B6ad9ba9cdbe3ea3d65dc103765a7f251.webp?tag=1-1579799705-p-1-4torym6qn1-a0bc47d0883e3a44"}],"cover_urls":[{"cdn":"js2.a.yximgs.com","url":"http://js2.a.yximgs.com/upic/2019/02/06/19/BMjAxOTAyMDYxOTAzNTFfMjEzNjIwMjM5XzEwNTQwNTcwMTkwXzFfNg==_Bb63572fdbaa34e6736e1271de4fbe4db.jpg?tag=1-1579799705-p-0-aex7vqighh-6186771f1491ed58"},{"cdn":"tx2.a.yximgs.com","url":"http://tx2.a.yximgs.com/upic/2019/02/06/19/BMjAxOTAyMDYxOTAzNTFfMjEzNjIwMjM5XzEwNTQwNTcwMTkwXzFfNg==_Bb63572fdbaa34e6736e1271de4fbe4db.jpg?tag=1-1579799705-p-1-cu90miomsn-620c1f9a0be9073d"}],"comments":[],"us_c":0,"comment_count":82,"following":1,"kwaiId":"L550505539","verified":false,"user_sex":"F","us_l":true,"headurls":[{"cdn":"ali2.a.yximgs.com","url":"http://ali2.a.yximgs.com/uhead/AB/2019/09/16/15/BMjAxOTA5MTYxNTUxMzFfMjEzNjIwMjM5XzFfaGQ5MTlfNzA3_s.jpg","urlPattern":"http://aliimg.a.yximgs.com/uhead/AB/2019/09/16/15/BMjAxOTA5MTYxNTUxMzFfMjEzNjIwMjM5XzFfaGQ5MTlfNzA3_s.jpg@0e_0o_0l_{h}h_{w}w_85q.src"},{"cdn":"js2.a.yximgs.com","url":"http://js2.a.yximgs.com/uhead/AB/2019/09/16/15/BMjAxOTA5MTYxNTUxMzFfMjEzNjIwMjM5XzFfaGQ5MTlfNzA3_s.jpg","urlPattern":"http://js2.a.yximgs.com/uhead/AB/2019/09/16/15/BMjAxOTA5MTYxNTUxMzFfMjEzNjIwMjM5XzFfaGQ5MTlfNzA3_s.jpg@base@tag%3DimgScale%26r%3D0%26q%3D85%26w%3D{w}%26h%3D{h}%26rotate"}],"isFavorited":true,"user_name":"洛绝不认输","editInfo":{},"moodLikeType":0,"hated":0,"liked":0,"enableShareToStory":true,"us_d":1,"forward_stats_params":{"fid":"936679176","et":"1_i/2000018710097120962_p0"},"share_info":"userId=3xb9kfxwvj2nb3c&photoId=3xidz6sgx4e3yc9","type":1,"ext_params":{"mtype":6,"color":"E2E2E2","f":0,"atlas":{"volume":1.0,"music":"/ufile/atlas/MjEzNjIwMjM5XzEwNTQwNTcwMTkw.m4a","cdnList":[{"cdn":"js2.a.yximgs.com"},{"cdn":"tx2.a.yximgs.com"}],"size":[{"w":1080,"h":1480},{"w":1080,"h":1440},{"w":1080,"h":1480},{"w":1080,"h":1440},{"w":1080,"h":1440},{"w":1080,"h":1440}],"type":2,"cdn":["js2.a.yximgs.com","tx2.a.yximgs.com"],"list":["/ufile/atlas/MjEzNjIwMjM5XzEwNTQwNTcwMTkw_0.webp","/ufile/atlas/MjEzNjIwMjM5XzEwNTQwNTcwMTkw_1.webp","/ufile/atlas/MjEzNjIwMjM5XzEwNTQwNTcwMTkw_2.webp","/ufile/atlas/MjEzNjIwMjM5XzEwNTQwNTcwMTkw_3.webp","/ufile/atlas/MjEzNjIwMjM5XzEwNTQwNTcwMTkw_4.webp","/ufile/atlas/MjEzNjIwMjM5XzEwNTQwNTcwMTkw_5.webp"]},"w":1401,"h":1920},"user_id":213620239,"exp_tag":"1_i/2000018710097120962_p0","serverExpTag":"feed_photo|5195465130944685651|213620239|1_i/2000018710097120962_p0","reco_reason":"p0","extEntry":null,"profilePagePrefetchInfo":{"profilePageType":1}},{"displayTime":null,"time":"2019-02-03 20:12:25","timestamp":1549195945593,"photo_id":5196591031688433371,"photo_status":0,"share_count":0,"view_count":36892,"like_count":2722,"caption":"我可爱死了#洛丽塔","unlike_count":0,"forward_count":0,"plcFeatureEntryAbFlag":0,"noNeedToRequestPLCApi":true,"hasMusicTag":true,"music":{"user":{"kwaiId":"Linsisi1","user_id":920648373,"user_sex":"F","headurl":"http://ali2.a.yximgs.com/uhead/AB/2020/01/17/14/BMjAyMDAxMTcxNDA4MTdfOTIwNjQ4MzczXzJfaGQxNDBfNTM1_s.jpg","headurls":[{"cdn":"ali2.a.yximgs.com","url":"http://ali2.a.yximgs.com/uhead/AB/2020/01/17/14/BMjAyMDAxMTcxNDA4MTdfOTIwNjQ4MzczXzJfaGQxNDBfNTM1_s.jpg","urlPattern":"http://aliimg.a.yximgs.com/uhead/AB/2020/01/17/14/BMjAyMDAxMTcxNDA4MTdfOTIwNjQ4MzczXzJfaGQxNDBfNTM1_s.jpg@0e_0o_0l_{h}h_{w}w_85q.src"},{"cdn":"js2.a.yximgs.com","url":"http://js2.a.yximgs.com/uhead/AB/2020/01/17/14/BMjAyMDAxMTcxNDA4MTdfOTIwNjQ4MzczXzJfaGQxNDBfNTM1_s.jpg","urlPattern":"http://js2.a.yximgs.com/uhead/AB/2020/01/17/14/BMjAyMDAxMTcxNDA4MTdfOTIwNjQ4MzczXzJfaGQxNDBfNTM1_s.jpg@base@tag%3DimgScale%26r%3D0%26q%3D85%26w%3D{w}%26h%3D{h}%26rotate"}],"profilePagePrefetchInfo":{"profilePageType":1},"eid":"3xnyuma5k3dy9zc","user_name":"《后来的我们＠qq.c》"},"imageUrls":[{"cdn":"tx2.a.yximgs.com","url":"http://tx2.a.yximgs.com/bs2/ost/MTAyMTA5MTYzODZfOTIwNjQ4Mzcz.jpg"},{"cdn":"static.yximgs.com","url":"http://static.yximgs.com/bs2/ost/MTAyMTA5MTYzODZfOTIwNjQ4Mzcz.jpg"}],"artist":"《后来的我们＠qq.c》","avatarUrls":[{"cdn":"tx2.a.yximgs.com","url":"http://tx2.a.yximgs.com/bs2/ost/icon_ro172PE5QXs.jpg"},{"cdn":"static.yximgs.com","url":"http://static.yximgs.com/bs2/ost/icon_ro172PE5QXs.jpg"}],"audioUrls":[{"cdn":"tx2.a.yximgs.com","url":"http://tx2.a.yximgs.com/bs2/ost/MTAyMTA5MTYzODZfOTIwNjQ4Mzcz.m4a"},{"cdn":"static.yximgs.com","url":"http://static.yximgs.com/bs2/ost/MTAyMTA5MTYzODZfOTIwNjQ4Mzcz.m4a"}],"name":"《后来的我们＠qq.c》的作品原声","genreId":0,"audioType":1,"loudness":-15.0,"id":"5xqsf3p7ens935s","type":9,"disableEnhancedEntry":true},"recoTags":[],"fashionEntranceShow":{"showType":3,"bizId":"5xqsf3p7ens935s"},"sameFrame":{"allow":false},"adminTags":[],"tags":[],"tag_hash_type":1,"shareGuide":{},"cover_thumbnail_urls":[{"cdn":"js2.a.yximgs.com","url":"http://js2.a.yximgs.com/upic/2019/02/03/20/BMjAxOTAyMDMyMDEyMjRfMjEzNjIwMjM5XzEwNDAzMTMwNDUyXzFfNg==_thumbnail_B2b8e9612a0800f9b153566f94b542e20.webp?tag=1-1579799705-p-0-codvkuvvbp-d117f3a7542ea3b9"},{"cdn":"tx2.a.yximgs.com","url":"http://tx2.a.yximgs.com/upic/2019/02/03/20/BMjAxOTAyMDMyMDEyMjRfMjEzNjIwMjM5XzEwNDAzMTMwNDUyXzFfNg==_thumbnail_B2b8e9612a0800f9b153566f94b542e20.webp?tag=1-1579799705-p-1-w1pofoxhrf-e09614d1040a8ca1"}],"cover_urls":[{"cdn":"js2.a.yximgs.com","url":"http://js2.a.yximgs.com/upic/2019/02/03/20/BMjAxOTAyMDMyMDEyMjRfMjEzNjIwMjM5XzEwNDAzMTMwNDUyXzFfNg==_B8fc4cfed4c3c39294408558cb3a847c7.jpg?tag=1-1579799705-p-0-mlqd3nwvss-1144b0e42f3d4f5b"},{"cdn":"tx2.a.yximgs.com","url":"http://tx2.a.yximgs.com/upic/2019/02/03/20/BMjAxOTAyMDMyMDEyMjRfMjEzNjIwMjM5XzEwNDAzMTMwNDUyXzFfNg==_B8fc4cfed4c3c39294408558cb3a847c7.jpg?tag=1-1579799705-p-1-7vionxqaoe-fd3756aad73e8f02"}],"comments":[],"us_c":0,"comment_count":57,"following":1,"kwaiId":"L550505539","verified":false,"user_sex":"F","us_l":true,"headurls":[{"cdn":"ali2.a.yximgs.com","url":"http://ali2.a.yximgs.com/uhead/AB/2019/09/16/15/BMjAxOTA5MTYxNTUxMzFfMjEzNjIwMjM5XzFfaGQ5MTlfNzA3_s.jpg","urlPattern":"http://aliimg.a.yximgs.com/uhead/AB/2019/09/16/15/BMjAxOTA5MTYxNTUxMzFfMjEzNjIwMjM5XzFfaGQ5MTlfNzA3_s.jpg@0e_0o_0l_{h}h_{w}w_85q.src"},{"cdn":"js2.a.yximgs.com","url":"http://js2.a.yximgs.com/uhead/AB/2019/09/16/15/BMjAxOTA5MTYxNTUxMzFfMjEzNjIwMjM5XzFfaGQ5MTlfNzA3_s.jpg","urlPattern":"http://js2.a.yximgs.com/uhead/AB/2019/09/16/15/BMjAxOTA5MTYxNTUxMzFfMjEzNjIwMjM5XzFfaGQ5MTlfNzA3_s.jpg@base@tag%3DimgScale%26r%3D0%26q%3D85%26w%3D{w}%26h%3D{h}%26rotate"}],"isFavorited":true,"user_name":"洛绝不认输","editInfo":{},"moodLikeType":0,"hated":0,"liked":0,"enableShareToStory":true,"us_d":1,"forward_stats_params":{"fid":"936679176","et":"1_i/2000018710097120962_p0"},"share_info":"userId=3xb9kfxwvj2nb3c&photoId=3xvch9e9c96wedg","type":1,"ext_params":{"mtype":6,"color":"E2E2E2","f":0,"atlas":{"volume":1.0,"music":"/ufile/atlas/MjEzNjIwMjM5XzEwNDAzMTMwNDUy.m4a","cdnList":[{"cdn":"js2.a.yximgs.com"},{"cdn":"tx2.a.yximgs.com"}],"size":[{"w":1080,"h":1260},{"w":1080,"h":1370},{"w":1080,"h":1920},{"w":1080,"h":1096},{"w":1080,"h":934},{"w":1080,"h":918}],"type":1,"cdn":["js2.a.yximgs.com","tx2.a.yximgs.com"],"list":["/ufile/atlas/MjEzNjIwMjM5XzEwNDAzMTMwNDUy_0.webp","/ufile/atlas/MjEzNjIwMjM5XzEwNDAzMTMwNDUy_1.webp","/ufile/atlas/MjEzNjIwMjM5XzEwNDAzMTMwNDUy_2.webp","/ufile/atlas/MjEzNjIwMjM5XzEwNDAzMTMwNDUy_3.webp","/ufile/atlas/MjEzNjIwMjM5XzEwNDAzMTMwNDUy_4.webp","/ufile/atlas/MjEzNjIwMjM5XzEwNDAzMTMwNDUy_5.webp"]},"w":1241,"h":1448},"user_id":213620239,"exp_tag":"1_i/2000018710097120962_p0","serverExpTag":"feed_photo|5196591031688433371|213620239|1_i/2000018710097120962_p0","reco_reason":"p0","extEntry":null,"profilePagePrefetchInfo":{"profilePageType":1}},{"displayTime":null,"time":"2019-02-02 21:26:53","timestamp":1549114013225,"photo_id":5194339230929295349,"photo_status":0,"share_count":0,"view_count":60184,"like_count":3738,"caption":"给我解释一下 像极了爱情是什么意思","unlike_count":0,"forward_count":0,"plcFeatureEntryAbFlag":0,"noNeedToRequestPLCApi":true,"hasMusicTag":true,"recoTags":[],"sameFrame":{"allow":false},"adminTags":[],"tags":[],"tag_hash_type":1,"shareGuide":{},"cover_thumbnail_urls":[{"cdn":"js2.a.yximgs.com","url":"http://js2.a.yximgs.com/upic/2019/02/02/21/BMjAxOTAyMDIyMTI2NTJfMjEzNjIwMjM5XzEwMzU5MzE4MjA0XzFfNg==_thumbnail_B740cdb3017e0560bea1137ba7d7ee61e.webp?tag=1-1579799705-p-0-a86v4vkfrk-f6a2d0c41f0d0c30"},{"cdn":"tx2.a.yximgs.com","url":"http://tx2.a.yximgs.com/upic/2019/02/02/21/BMjAxOTAyMDIyMTI2NTJfMjEzNjIwMjM5XzEwMzU5MzE4MjA0XzFfNg==_thumbnail_B740cdb3017e0560bea1137ba7d7ee61e.webp?tag=1-1579799705-p-1-qfb5vab1fw-223e97cc4cbf6cd8"}],"cover_urls":[{"cdn":"js2.a.yximgs.com","url":"http://js2.a.yximgs.com/upic/2019/02/02/21/BMjAxOTAyMDIyMTI2NTJfMjEzNjIwMjM5XzEwMzU5MzE4MjA0XzFfNg==_Bc1690ca58bf988ece66be13305b8b771.jpg?tag=1-1579799705-p-0-jisoxgwgmz-f5a6295b8b37da1a"},{"cdn":"tx2.a.yximgs.com","url":"http://tx2.a.yximgs.com/upic/2019/02/02/21/BMjAxOTAyMDIyMTI2NTJfMjEzNjIwMjM5XzEwMzU5MzE4MjA0XzFfNg==_Bc1690ca58bf988ece66be13305b8b771.jpg?tag=1-1579799705-p-1-ten7aej0ee-c8f4efaf75349cc4"}],"comments":[],"us_c":0,"comment_count":66,"following":1,"kwaiId":"L550505539","verified":false,"user_sex":"F","us_l":true,"headurls":[{"cdn":"ali2.a.yximgs.com","url":"http://ali2.a.yximgs.com/uhead/AB/2019/09/16/15/BMjAxOTA5MTYxNTUxMzFfMjEzNjIwMjM5XzFfaGQ5MTlfNzA3_s.jpg","urlPattern":"http://aliimg.a.yximgs.com/uhead/AB/2019/09/16/15/BMjAxOTA5MTYxNTUxMzFfMjEzNjIwMjM5XzFfaGQ5MTlfNzA3_s.jpg@0e_0o_0l_{h}h_{w}w_85q.src"},{"cdn":"js2.a.yximgs.com","url":"http://js2.a.yximgs.com/uhead/AB/2019/09/16/15/BMjAxOTA5MTYxNTUxMzFfMjEzNjIwMjM5XzFfaGQ5MTlfNzA3_s.jpg","urlPattern":"http://js2.a.yximgs.com/uhead/AB/2019/09/16/15/BMjAxOTA5MTYxNTUxMzFfMjEzNjIwMjM5XzFfaGQ5MTlfNzA3_s.jpg@base@tag%3DimgScale%26r%3D0%26q%3D85%26w%3D{w}%26h%3D{h}%26rotate"}],"isFavorited":true,"user_name":"洛绝不认输","editInfo":{},"moodLikeType":0,"hated":0,"liked":0,"enableShareToStory":true,"us_d":1,"forward_stats_params":{"fid":"936679176","et":"1_i/2000018710097120962_p0"},"share_info":"userId=3xb9kfxwvj2nb3c&photoId=3xgwcngj9ar9brq","type":1,"ext_params":{"mtype":6,"color":"E2E2E2","f":0,"atlas":{"volume":1.0,"music":"/ufile/atlas/MjEzNjIwMjM5XzEwMzU5MzE4MjA0.m4a","cdnList":[{"cdn":"js2.a.yximgs.com"},{"cdn":"tx2.a.yximgs.com"}],"size":[{"w":800,"h":1000},{"w":1080,"h":1440},{"w":1080,"h":1440},{"w":1080,"h":1156},{"w":1080,"h":1244},{"w":1080,"h":1260}],"type":1,"cdn":["js2.a.yximgs.com","tx2.a.yximgs.com"],"list":["/ufile/atlas/MjEzNjIwMjM5XzEwMzU5MzE4MjA0_0.webp","/ufile/atlas/MjEzNjIwMjM5XzEwMzU5MzE4MjA0_1.webp","/ufile/atlas/MjEzNjIwMjM5XzEwMzU5MzE4MjA0_2.webp","/ufile/atlas/MjEzNjIwMjM5XzEwMzU5MzE4MjA0_3.webp","/ufile/atlas/MjEzNjIwMjM5XzEwMzU5MzE4MjA0_4.webp","/ufile/atlas/MjEzNjIwMjM5XzEwMzU5MzE4MjA0_5.webp"]},"w":800,"h":1000},"user_id":213620239,"exp_tag":"1_i/2000018710097120962_p0","serverExpTag":"feed_photo|5194339230929295349|213620239|1_i/2000018710097120962_p0","reco_reason":"p0","extEntry":null,"profilePagePrefetchInfo":{"profilePageType":1}},{"displayTime":null,"time":"2019-01-25 18:06:13","timestamp":1548410773889,"photo_id":5253167503208531602,"photo_status":0,"share_count":0,"view_count":30456,"like_count":1502,"caption":"厦门网友在吗","unlike_count":0,"forward_count":0,"plcFeatureEntryAbFlag":0,"noNeedToRequestPLCApi":true,"hasMusicTag":true,"music":{"nameChanged":true,"user":{"kwaiId":"Xx1997122","user_id":22966977,"user_sex":"M","headurl":"http://ali2.a.yximgs.com/uhead/AB/2020/01/13/20/BMjAyMDAxMTMyMDA5MjdfMjI5NjY5NzdfMV9oZDM3MV8yMDI=_s.jpg","headurls":[{"cdn":"ali2.a.yximgs.com","url":"http://ali2.a.yximgs.com/uhead/AB/2020/01/13/20/BMjAyMDAxMTMyMDA5MjdfMjI5NjY5NzdfMV9oZDM3MV8yMDI=_s.jpg","urlPattern":"http://aliimg.a.yximgs.com/uhead/AB/2020/01/13/20/BMjAyMDAxMTMyMDA5MjdfMjI5NjY5NzdfMV9oZDM3MV8yMDI=_s.jpg@0e_0o_0l_{h}h_{w}w_85q.src"},{"cdn":"js2.a.yximgs.com","url":"http://js2.a.yximgs.com/uhead/AB/2020/01/13/20/BMjAyMDAxMTMyMDA5MjdfMjI5NjY5NzdfMV9oZDM3MV8yMDI=_s.jpg","urlPattern":"http://js2.a.yximgs.com/uhead/AB/2020/01/13/20/BMjAyMDAxMTMyMDA5MjdfMjI5NjY5NzdfMV9oZDM3MV8yMDI=_s.jpg@base@tag%3DimgScale%26r%3D0%26q%3D85%26w%3D{w}%26h%3D{h}%26rotate"}],"profilePagePrefetchInfo":{"profilePageType":1},"eid":"3x4s68vb6nh7i5u","user_name":"饼干吖__"},"photoId":5217420180628897257,"imageUrls":[{"cdn":"tx2.a.yximgs.com","url":"http://tx2.a.yximgs.com/bs2/ost/OTExNTg1NTUyN18yMjk2Njk3Nw.jpg"},{"cdn":"static.yximgs.com","url":"http://static.yximgs.com/bs2/ost/OTExNTg1NTUyN18yMjk2Njk3Nw.jpg"}],"artist":"饼干吖__","avatarUrls":[{"cdn":"tx2.a.yximgs.com","url":"http://tx2.a.yximgs.com/bs2/ost/OTExNTg1NTUyN18yMjk2Njk3Nw.jpg"},{"cdn":"static.yximgs.com","url":"http://static.yximgs.com/bs2/ost/OTExNTg1NTUyN18yMjk2Njk3Nw.jpg"}],"audioUrls":[{"cdn":"tx2.a.yximgs.com","url":"http://tx2.a.yximgs.com/bs2/ost/OTExNTg1NTUyN18yMjk2Njk3Nw.m4a"},{"cdn":"static.yximgs.com","url":"http://static.yximgs.com/bs2/ost/OTExNTg1NTUyN18yMjk2Njk3Nw.m4a"}],"name":"是谁的心呀，孤单地留下","genreId":0,"audioType":1,"loudness":-15.0,"id":"5x3wke2bqyqg3zu","type":9,"disableEnhancedEntry":true},"recoTags":[],"fashionEntranceShow":{"showType":3,"bizId":"5x3wke2bqyqg3zu"},"sameFrame":{"allow":false},"adminTags":[],"tags":[],"tag_hash_type":1,"shareGuide":{},"cover_thumbnail_urls":[{"cdn":"js2.a.yximgs.com","url":"http://js2.a.yximgs.com/upic/2019/01/25/18/BMjAxOTAxMjUxODA2MTJfMjEzNjIwMjM5XzEwMTU3NTkwNTY1XzFfNg==_thumbnail_B7a7bc81e164b7efc81f2fbc0964ee3a7.webp?tag=1-1579799705-p-0-hpbzyfgpfd-f5e3133e133af5e4"},{"cdn":"tx2.a.yximgs.com","url":"http://tx2.a.yximgs.com/upic/2019/01/25/18/BMjAxOTAxMjUxODA2MTJfMjEzNjIwMjM5XzEwMTU3NTkwNTY1XzFfNg==_thumbnail_B7a7bc81e164b7efc81f2fbc0964ee3a7.webp?tag=1-1579799705-p-1-bbjynpgabk-ada93a5b5cbb628f"}],"cover_urls":[{"cdn":"js2.a.yximgs.com","url":"http://js2.a.yximgs.com/upic/2019/01/25/18/BMjAxOTAxMjUxODA2MTJfMjEzNjIwMjM5XzEwMTU3NTkwNTY1XzFfNg==_Bc34c8174b7e2411f437e977d8f69c35c.jpg?tag=1-1579799705-p-0-y46kcki0yt-1fecc74f62824025"},{"cdn":"tx2.a.yximgs.com","url":"http://tx2.a.yximgs.com/upic/2019/01/25/18/BMjAxOTAxMjUxODA2MTJfMjEzNjIwMjM5XzEwMTU3NTkwNTY1XzFfNg==_Bc34c8174b7e2411f437e977d8f69c35c.jpg?tag=1-1579799705-p-1-syqs0zv3ux-a8cc5d082399203d"}],"comments":[],"us_c":0,"comment_count":26,"following":1,"kwaiId":"L550505539","verified":false,"user_sex":"F","us_l":true,"headurls":[{"cdn":"ali2.a.yximgs.com","url":"http://ali2.a.yximgs.com/uhead/AB/2019/09/16/15/BMjAxOTA5MTYxNTUxMzFfMjEzNjIwMjM5XzFfaGQ5MTlfNzA3_s.jpg","urlPattern":"http://aliimg.a.yximgs.com/uhead/AB/2019/09/16/15/BMjAxOTA5MTYxNTUxMzFfMjEzNjIwMjM5XzFfaGQ5MTlfNzA3_s.jpg@0e_0o_0l_{h}h_{w}w_85q.src"},{"cdn":"js2.a.yximgs.com","url":"http://js2.a.yximgs.com/uhead/AB/2019/09/16/15/BMjAxOTA5MTYxNTUxMzFfMjEzNjIwMjM5XzFfaGQ5MTlfNzA3_s.jpg","urlPattern":"http://js2.a.yximgs.com/uhead/AB/2019/09/16/15/BMjAxOTA5MTYxNTUxMzFfMjEzNjIwMjM5XzFfaGQ5MTlfNzA3_s.jpg@base@tag%3DimgScale%26r%3D0%26q%3D85%26w%3D{w}%26h%3D{h}%26rotate"}],"isFavorited":true,"user_name":"洛绝不认输","editInfo":{},"moodLikeType":0,"hated":0,"liked":0,"us_d":1,"forward_stats_params":{"fid":"936679176","et":"1_i/2000018710097120962_p0"},"share_info":"userId=3xb9kfxwvj2nb3c&photoId=3xcwncer38i364k","type":1,"ext_params":{"mtype":6,"color":"E2E2E2","f":0,"atlas":{"volume":1.0,"music":"/ufile/atlas/MjEzNjIwMjM5XzEwMTU3NTkwNTY1.m4a","cdnList":[{"cdn":"js2.a.yximgs.com"},{"cdn":"tx2.a.yximgs.com"}],"size":[{"w":1080,"h":1384},{"w":1080,"h":1316},{"w":1080,"h":1324},{"w":1080,"h":1340},{"w":1080,"h":1920},{"w":1080,"h":1260}],"type":1,"cdn":["js2.a.yximgs.com","tx2.a.yximgs.com"],"list":["/ufile/atlas/MjEzNjIwMjM5XzEwMTU3NTkwNTY1_0.webp","/ufile/atlas/MjEzNjIwMjM5XzEwMTU3NTkwNTY1_1.webp","/ufile/atlas/MjEzNjIwMjM5XzEwMTU3NTkwNTY1_2.webp","/ufile/atlas/MjEzNjIwMjM5XzEwMTU3NTkwNTY1_3.webp","/ufile/atlas/MjEzNjIwMjM5XzEwMTU3NTkwNTY1_4.webp","/ufile/atlas/MjEzNjIwMjM5XzEwMTU3NTkwNTY1_5.webp"]},"w":1477,"h":1893},"user_id":213620239,"exp_tag":"1_i/2000018710097120962_p0","serverExpTag":"feed_photo|5253167503208531602|213620239|1_i/2000018710097120962_p0","reco_reason":"p0","extEntry":null,"profilePagePrefetchInfo":{"profilePageType":1}},{"displayTime":null,"time":"2018-10-15 07:37:01","timestamp":1539560221954,"photo_id":5238812271383395356,"photo_status":0,"share_count":0,"view_count":32299,"like_count":996,"caption":"早早早","unlike_count":0,"forward_count":0,"plcFeatureEntryAbFlag":0,"noNeedToRequestPLCApi":true,"hasMusicTag":true,"music":{"image":"http://tx2.a.yximgs.com/udata/music/bgm_YoI4lfbOn-M_cqdZySzrik8_scaled.jpg","duration":306,"accompanimentUrls":[{"cdn":"tx2.a.yximgs.com","url":"http://tx2.a.yximgs.com/udata/music/music_baaaefb9-323b-407b-a7c6-141b17580e50.trans.m4a"},{"cdn":"static.yximgs.com","url":"http://static.yximgs.com/udata/music/music_baaaefb9-323b-407b-a7c6-141b17580e50.trans.m4a"}],"begin":1580,"end":22899,"name":"ながれぼし","id":"5xp9w32svhgt5t6","type":4,"url":"http://tx2.a.yximgs.com/udata/music/bm_-EoRFh3wkv8_v.m4a","imageUrls":[{"cdn":"tx2.a.yximgs.com","url":"http://tx2.a.yximgs.com/udata/music/bgm_YoI4lfbOn-M_cqdZySzrik8_scaled.jpg"},{"cdn":"static.yximgs.com","url":"http://static.yximgs.com/udata/music/bgm_YoI4lfbOn-M_cqdZySzrik8_scaled.jpg"}],"lrc":"http://tx2.a.yximgs.com/udata/music/bm_lpXxOr5DAkU_v.trcx","artist":"arthur","genreId":0,"avatarUrls":[{"cdn":"tx2.a.yximgs.com","url":"http://tx2.a.yximgs.com/udata/music/bgm_YoI4lfbOn-M_cqdZySzrik8_scaled.jpg"},{"cdn":"static.yximgs.com","url":"http://static.yximgs.com/udata/music/bgm_YoI4lfbOn-M_cqdZySzrik8_scaled.jpg"}],"audioType":1,"lrcUrls":[{"cdn":"tx2.a.yximgs.com","url":"http://tx2.a.yximgs.com/udata/music/bm_lpXxOr5DAkU_v.trcx"},{"cdn":"static.yximgs.com","url":"http://static.yximgs.com/udata/music/bm_lpXxOr5DAkU_v.trcx"}],"audioUrls":[{"cdn":"tx2.a.yximgs.com","url":"http://tx2.a.yximgs.com/udata/music/bm_-EoRFh3wkv8_v.m4a"},{"cdn":"static.yximgs.com","url":"http://static.yximgs.com/udata/music/bm_-EoRFh3wkv8_v.m4a"}],"avatarUrl":"http://tx2.a.yximgs.com/udata/music/bgm_YoI4lfbOn-M_cqdZySzrik8_scaled.jpg","snippetUrls":[{"cdn":"tx2.a.yximgs.com","url":"http://tx2.a.yximgs.com/udata/music/bm_-EoRFh3wkv8_vs.m4a"},{"cdn":"static.yximgs.com","url":"http://static.yximgs.com/udata/music/bm_-EoRFh3wkv8_vs.m4a"}],"snippetDuration":60,"loudness":-15.523286},"recoTags":[],"fashionEntranceShow":{"showType":3,"bizId":"5xp9w32svhgt5t6"},"sameFrame":{"allow":false},"adminTags":[],"tags":[],"tag_hash_type":1,"shareGuide":{},"cover_thumbnail_urls":[{"cdn":"hw.a.yximgs.com","url":"http://hw.a.yximgs.com/upic/2018/10/15/07/BMjAxODEwMTUwNzM3MDBfMjEzNjIwMjM5Xzg0NzQ2Njg5NjlfMV82_thumbnail_B88cb20bec1c58dd0efbf54b3dfd7bfc7.webp?tag=1-1579799705-p-0-bnotph227t-25ec54c3cb59796c"},{"cdn":"js2.a.yximgs.com","url":"http://js2.a.yximgs.com/upic/2018/10/15/07/BMjAxODEwMTUwNzM3MDBfMjEzNjIwMjM5Xzg0NzQ2Njg5NjlfMV82_thumbnail_B88cb20bec1c58dd0efbf54b3dfd7bfc7.webp?tag=1-1579799705-p-1-ytc41powvx-1af26ababb4f70cd"}],"cover_urls":[{"cdn":"hw.a.yximgs.com","url":"http://hw.a.yximgs.com/upic/2018/10/15/07/BMjAxODEwMTUwNzM3MDBfMjEzNjIwMjM5Xzg0NzQ2Njg5NjlfMV82_Be29e244699cf7b9d9bc2c3656b026a28.jpg?tag=1-1579799705-p-0-6dtdwjrpr2-e6276c65db060eaa"},{"cdn":"js2.a.yximgs.com","url":"http://js2.a.yximgs.com/upic/2018/10/15/07/BMjAxODEwMTUwNzM3MDBfMjEzNjIwMjM5Xzg0NzQ2Njg5NjlfMV82_Be29e244699cf7b9d9bc2c3656b026a28.jpg?tag=1-1579799705-p-1-1jjie3nyoa-082798bc894e2559"}],"comments":[],"us_c":0,"comment_count":28,"following":1,"kwaiId":"L550505539","verified":false,"user_sex":"F","us_l":true,"headurls":[{"cdn":"ali2.a.yximgs.com","url":"http://ali2.a.yximgs.com/uhead/AB/2019/09/16/15/BMjAxOTA5MTYxNTUxMzFfMjEzNjIwMjM5XzFfaGQ5MTlfNzA3_s.jpg","urlPattern":"http://aliimg.a.yximgs.com/uhead/AB/2019/09/16/15/BMjAxOTA5MTYxNTUxMzFfMjEzNjIwMjM5XzFfaGQ5MTlfNzA3_s.jpg@0e_0o_0l_{h}h_{w}w_85q.src"},{"cdn":"js2.a.yximgs.com","url":"http://js2.a.yximgs.com/uhead/AB/2019/09/16/15/BMjAxOTA5MTYxNTUxMzFfMjEzNjIwMjM5XzFfaGQ5MTlfNzA3_s.jpg","urlPattern":"http://js2.a.yximgs.com/uhead/AB/2019/09/16/15/BMjAxOTA5MTYxNTUxMzFfMjEzNjIwMjM5XzFfaGQ5MTlfNzA3_s.jpg@base@tag%3DimgScale%26r%3D0%26q%3D85%26w%3D{w}%26h%3D{h}%26rotate"}],"isFavorited":true,"user_name":"洛绝不认输","editInfo":{},"moodLikeType":0,"hated":0,"liked":0,"us_d":1,"forward_stats_params":{"fid":"936679176","et":"1_i/2000018710097120962_p0"},"share_info":"userId=3xb9kfxwvj2nb3c&photoId=3x8reex6pu9w5b4","type":1,"ext_params":{"mtype":6,"color":"E2E2E2","f":0,"atlas":{"volume":1.0,"music":"/ufile/atlas/MjEzNjIwMjM5Xzg0NzQ2Njg5Njk=.m4a","cdnList":[{"cdn":"hw.a.yximgs.com"},{"cdn":"js2.a.yximgs.com"}],"size":[{"w":1080,"h":1438},{"w":1080,"h":1192},{"w":1080,"h":1086},{"w":1080,"h":1120},{"w":1080,"h":1438},{"w":1080,"h":1438}],"type":1,"cdn":["hw.a.yximgs.com","js2.a.yximgs.com"],"list":["/ufile/atlas/MjEzNjIwMjM5Xzg0NzQ2Njg5Njk=_0.webp","/ufile/atlas/MjEzNjIwMjM5Xzg0NzQ2Njg5Njk=_1.webp","/ufile/atlas/MjEzNjIwMjM5Xzg0NzQ2Njg5Njk=_2.webp","/ufile/atlas/MjEzNjIwMjM5Xzg0NzQ2Njg5Njk=_3.webp","/ufile/atlas/MjEzNjIwMjM5Xzg0NzQ2Njg5Njk=_4.webp","/ufile/atlas/MjEzNjIwMjM5Xzg0NzQ2Njg5Njk=_5.webp"]},"w":1442,"h":1920},"user_id":213620239,"exp_tag":"1_i/2000018710097120962_p0","serverExpTag":"feed_photo|5238812271383395356|213620239|1_i/2000018710097120962_p0","reco_reason":"p0","extEntry":null,"profilePagePrefetchInfo":{"profilePageType":1}},{"displayTime":null,"time":"2018-10-03 14:24:43","timestamp":1538547883976,"photo_id":5232056873458187784,"photo_status":0,"share_count":0,"view_count":70455,"like_count":1874,"caption":"1","unlike_count":0,"forward_count":0,"plcFeatureEntryAbFlag":0,"noNeedToRequestPLCApi":true,"hasMusicTag":true,"music":{"user":{"kwaiId":"Wjabbily","user_id":116173727,"user_sex":"F","headurl":"http://ali2.a.yximgs.com/uhead/AB/2019/10/25/10/BMjAxOTEwMjUxMDEyNDlfMTE2MTczNzI3XzNfaGQ0NjVfMA==.jpg","headurls":[{"cdn":"ali2.a.yximgs.com","url":"http://ali2.a.yximgs.com/uhead/AB/2019/10/25/10/BMjAxOTEwMjUxMDEyNDlfMTE2MTczNzI3XzNfaGQ0NjVfMA==.jpg","urlPattern":"http://aliimg.a.yximgs.com/uhead/AB/2019/10/25/10/BMjAxOTEwMjUxMDEyNDlfMTE2MTczNzI3XzNfaGQ0NjVfMA==.jpg@0e_0o_0l_{h}h_{w}w_85q.src"},{"cdn":"js2.a.yximgs.com","url":"http://js2.a.yximgs.com/uhead/AB/2019/10/25/10/BMjAxOTEwMjUxMDEyNDlfMTE2MTczNzI3XzNfaGQ0NjVfMA==.jpg","urlPattern":"http://js2.a.yximgs.com/uhead/AB/2019/10/25/10/BMjAxOTEwMjUxMDEyNDlfMTE2MTczNzI3XzNfaGQ0NjVfMA==.jpg@base@tag%3DimgScale%26r%3D0%26q%3D85%26w%3D{w}%26h%3D{h}%26rotate"}],"profilePagePrefetchInfo":{"profilePageType":1},"eid":"3x3krsxciq5rnam","user_name":"我叫Abbily（艾比）"},"photoId":5210383300313172926,"imageUrls":[{"cdn":"tx2.a.yximgs.com","url":"http://tx2.a.yximgs.com/bs2/ost/ODE4ODkwNzU3Ml8xMTYxNzM3Mjc.jpg"},{"cdn":"static.yximgs.com","url":"http://static.yximgs.com/bs2/ost/ODE4ODkwNzU3Ml8xMTYxNzM3Mjc.jpg"}],"artist":"我叫Abbily（艾比）","avatarUrls":[{"cdn":"tx2.a.yximgs.com","url":"http://tx2.a.yximgs.com/bs2/ost/ODE4ODkwNzU3Ml8xMTYxNzM3Mjc.jpg"},{"cdn":"static.yximgs.com","url":"http://static.yximgs.com/bs2/ost/ODE4ODkwNzU3Ml8xMTYxNzM3Mjc.jpg"}],"audioUrls":[{"cdn":"tx2.a.yximgs.com","url":"http://tx2.a.yximgs.com/bs2/ost/ODE4ODkwNzU3Ml8xMTYxNzM3Mjc.m4a"},{"cdn":"static.yximgs.com","url":"http://static.yximgs.com/bs2/ost/ODE4ODkwNzU3Ml8xMTYxNzM3Mjc.m4a"}],"name":"我叫Abbily（艾比）的作品原声","genreId":0,"audioType":1,"loudness":-15.0,"id":"5xtn49eb8vhfr32","type":9,"disableEnhancedEntry":true},"recoTags":[],"fashionEntranceShow":{"showType":3,"bizId":"5xtn49eb8vhfr32"},"sameFrame":{"allow":true,"availableDepth":7},"adminTags":[],"tags":[],"tag_hash_type":1,"shareGuide":{},"main_mv_urls":[{"cdn":"120.221.61.35","url":"http://120.221.61.35/upic/2018/10/03/14/BMjAxODEwMDMxNDI0NDJfMjEzNjIwMjM5XzgzMDAyNDg0OTBfMV8z_b_Bdcb50ddebe7838e2e86090d3451059d3.mp4?tag=1-1579799705-p-0-vefxiugdyo-d8d1181146fab98d&provider=self&ocid=386"},{"cdn":"upmov.a.yximgs.com","url":"http://upmov.a.yximgs.com/upic/2018/10/03/14/BMjAxODEwMDMxNDI0NDJfMjEzNjIwMjM5XzgzMDAyNDg0OTBfMV8z_b_Bdcb50ddebe7838e2e86090d3451059d3.mp4?tag=1-1579799705-p-1-agltybohjm-09bdebd157504e61"}],"cover_thumbnail_urls":[{"cdn":"js2.a.yximgs.com","url":"http://js2.a.yximgs.com/upic/2018/10/03/14/BMjAxODEwMDMxNDI0NDJfMjEzNjIwMjM5XzgzMDAyNDg0OTBfMV8z_low_B9d95320119d343df287301aa4de94dc9.webp?tag=1-1579799705-p-0-ijhjq6pi45-3a5188e0b8b285ec"},{"cdn":"tx2.a.yximgs.com","url":"http://tx2.a.yximgs.com/upic/2018/10/03/14/BMjAxODEwMDMxNDI0NDJfMjEzNjIwMjM5XzgzMDAyNDg0OTBfMV8z_low_B9d95320119d343df287301aa4de94dc9.webp?tag=1-1579799705-p-1-gilen0q2xe-be14022e17051c9b"}],"main_mv_urls_h265":[{"cdn":"120.221.217.67","url":"http://120.221.217.67/upic/2018/10/03/14/BMjAxODEwMDMxNDI0NDJfMjEzNjIwMjM5XzgzMDAyNDg0OTBfMV8z_hd11_B8b3ba69835fb1bcf00bb9254beb64094.mp4?tag=1-1579799705-p-0-du1etqnw3q-4a6c7f592b811824&provider=self&ocid=551"},{"cdn":"upmov.a.yximgs.com","url":"http://upmov.a.yximgs.com/upic/2018/10/03/14/BMjAxODEwMDMxNDI0NDJfMjEzNjIwMjM5XzgzMDAyNDg0OTBfMV8z_hd11_B8b3ba69835fb1bcf00bb9254beb64094.mp4?tag=1-1579799705-p-1-nyyarfnymj-aaf09a9fd987cc68"}],"ff_cover_thumbnail_urls":[{"cdn":"js2.a.yximgs.com","url":"http://js2.a.yximgs.com/upic/2018/10/03/14/BMjAxODEwMDMxNDI0NDJfMjEzNjIwMjM5XzgzMDAyNDg0OTBfMV8z_ff_B0692568a3e8e326a662b3ba8567e722d.kpg?tag=1-1579799705-p-0-3hiwmtgd0t-e55c26a74635c68f"},{"cdn":"tx2.a.yximgs.com","url":"http://tx2.a.yximgs.com/upic/2018/10/03/14/BMjAxODEwMDMxNDI0NDJfMjEzNjIwMjM5XzgzMDAyNDg0OTBfMV8z_ff_B0692568a3e8e326a662b3ba8567e722d.kpg?tag=1-1579799705-p-1-i1nnn4mwhx-84ef5169663f1c6e"}],"comments":[],"us_c":0,"comment_count":31,"following":1,"kwaiId":"L550505539","verified":false,"user_sex":"F","us_l":true,"headurls":[{"cdn":"ali2.a.yximgs.com","url":"http://ali2.a.yximgs.com/uhead/AB/2019/09/16/15/BMjAxOTA5MTYxNTUxMzFfMjEzNjIwMjM5XzFfaGQ5MTlfNzA3_s.jpg","urlPattern":"http://aliimg.a.yximgs.com/uhead/AB/2019/09/16/15/BMjAxOTA5MTYxNTUxMzFfMjEzNjIwMjM5XzFfaGQ5MTlfNzA3_s.jpg@0e_0o_0l_{h}h_{w}w_85q.src"},{"cdn":"js2.a.yximgs.com","url":"http://js2.a.yximgs.com/uhead/AB/2019/09/16/15/BMjAxOTA5MTYxNTUxMzFfMjEzNjIwMjM5XzFfaGQ5MTlfNzA3_s.jpg","urlPattern":"http://js2.a.yximgs.com/uhead/AB/2019/09/16/15/BMjAxOTA5MTYxNTUxMzFfMjEzNjIwMjM5XzFfaGQ5MTlfNzA3_s.jpg@base@tag%3DimgScale%26r%3D0%26q%3D85%26w%3D{w}%26h%3D{h}%26rotate"}],"isFavorited":true,"user_name":"洛绝不认输","editInfo":{},"moodLikeType":0,"hated":0,"liked":0,"enableShareToStory":true,"us_d":1,"forward_stats_params":{"fid":"936679176","et":"1_i/2000018710097120962_p0"},"share_info":"userId=3xb9kfxwvj2nb3c&photoId=3xwzjqxapctijmi","duration":4000,"type":1,"ext_params":{"mtype":3,"color":"E2E2E2","w":720,"sound":3987,"h":736,"interval":30,"video":4000},"user_id":213620239,"exp_tag":"1_i/2000018710097120962_p0","serverExpTag":"feed_photo|5232056873458187784|213620239|1_i/2000018710097120962_p0","reco_reason":"p0","extEntry":null,"profilePagePrefetchInfo":{"profilePageType":1}},{"displayTime":null,"time":"2018-07-06 07:34:35","timestamp":1530833675769,"photo_id":5228960647474183099,"photo_status":0,"share_count":0,"view_count":91140,"like_count":2854,"caption":"早早早。以后不熬夜了","unlike_count":0,"forward_count":0,"plcFeatureEntryAbFlag":0,"noNeedToRequestPLCApi":true,"music":{"image":"http://tx2.a.yximgs.com/udata/music/bgm_gd9xAI_EGtQ_YFyQKdfNrIs_scaled.jpg","chorus":44020,"duration":240,"melodyUrls":[{"cdn":"tx2.a.yximgs.com","url":"http://tx2.a.yximgs.com/udata/music/music_f5798fe9-8486-4ca5-ad62-da413e6dd1e0.mel"},{"cdn":"static.yximgs.com","url":"http://static.yximgs.com/udata/music/music_f5798fe9-8486-4ca5-ad62-da413e6dd1e0.mel"}],"accompanimentUrls":[{"cdn":"tx2.a.yximgs.com","url":"http://tx2.a.yximgs.com/udata/music/music_2d1144ce-3a62-439e-9017-f003a2b7a33f.trans.m4a"},{"cdn":"static.yximgs.com","url":"http://static.yximgs.com/udata/music/music_2d1144ce-3a62-439e-9017-f003a2b7a33f.trans.m4a"}],"begin":44008,"end":72552,"name":"虚拟","id":"5xe83b6w7s79g8y","type":4,"url":"http://tx2.a.yximgs.com/udata/music/bm_UZ6uIO1fx_I_v.m4a","imageUrls":[{"cdn":"tx2.a.yximgs.com","url":"http://tx2.a.yximgs.com/udata/music/bgm_gd9xAI_EGtQ_YFyQKdfNrIs_scaled.jpg"},{"cdn":"static.yximgs.com","url":"http://static.yximgs.com/udata/music/bgm_gd9xAI_EGtQ_YFyQKdfNrIs_scaled.jpg"}],"lrc":"http://tx2.a.yximgs.com/udata/music/bm_ow8FvPjH2Zc_v.trcx","artist":"陈粒","genreId":0,"avatarUrls":[{"cdn":"tx2.a.yximgs.com","url":"http://tx2.a.yximgs.com/udata/music/bgm_gd9xAI_EGtQ_YFyQKdfNrIs_scaled.jpg"},{"cdn":"static.yximgs.com","url":"http://static.yximgs.com/udata/music/bgm_gd9xAI_EGtQ_YFyQKdfNrIs_scaled.jpg"}],"audioType":1,"lrcUrls":[{"cdn":"tx2.a.yximgs.com","url":"http://tx2.a.yximgs.com/udata/music/bm_ow8FvPjH2Zc_v.trcx"},{"cdn":"static.yximgs.com","url":"http://static.yximgs.com/udata/music/bm_ow8FvPjH2Zc_v.trcx"}],"audioUrls":[{"cdn":"tx2.a.yximgs.com","url":"http://tx2.a.yximgs.com/udata/music/bm_UZ6uIO1fx_I_v.m4a"},{"cdn":"static.yximgs.com","url":"http://static.yximgs.com/udata/music/bm_UZ6uIO1fx_I_v.m4a"}],"avatarUrl":"http://tx2.a.yximgs.com/udata/music/bgm_gd9xAI_EGtQ_YFyQKdfNrIs_scaled.jpg","snippetUrls":[{"cdn":"tx2.a.yximgs.com","url":"http://tx2.a.yximgs.com/udata/music/bm_UZ6uIO1fx_I_vs.m4a"},{"cdn":"static.yximgs.com","url":"http://static.yximgs.com/udata/music/bm_UZ6uIO1fx_I_vs.m4a"}],"snippetDuration":20,"loudness":-18.736282},"recoTags":[],"fashionEntranceShow":{"showType":3,"bizId":"5xe83b6w7s79g8y"},"sameFrame":{"allow":false},"adminTags":[],"tags":[],"tag_hash_type":1,"shareGuide":{},"main_mv_urls":[{"cdn":"120.221.61.17","url":"http://120.221.61.17/upic/2018/07/06/07/BMjAxODA3MDYwNzM0MzNfMjEzNjIwMjM5XzY5ODg3MzExMDJfMV8z_b_B191c9efef36a1b40356c7e325774361c.mp4?tag=1-1579799705-p-0-5h6jwhdsdl-4b0d0752e4789179&provider=self&ocid=384"},{"cdn":"alimov2.a.yximgs.com","url":"http://alimov2.a.yximgs.com/upic/2018/07/06/07/BMjAxODA3MDYwNzM0MzNfMjEzNjIwMjM5XzY5ODg3MzExMDJfMV8z_b_B191c9efef36a1b40356c7e325774361c.mp4?tag=1-1579799705-p-1-lxhnmmhelx-17748b0f3560145b"}],"cover_thumbnail_urls":[{"cdn":"ali2.a.yximgs.com","url":"http://ali2.a.yximgs.com/upic/2018/07/06/07/BMjAxODA3MDYwNzM0MzNfMjEzNjIwMjM5XzY5ODg3MzExMDJfMV8z_low_B109b03e6065a79f077b5de01f6ad1a51.webp?tag=1-1579799705-p-0-bkgfvrqxbq-cf2f2f11ed5d9ca4"},{"cdn":"tx2.a.yximgs.com","url":"http://tx2.a.yximgs.com/upic/2018/07/06/07/BMjAxODA3MDYwNzM0MzNfMjEzNjIwMjM5XzY5ODg3MzExMDJfMV8z_low_B109b03e6065a79f077b5de01f6ad1a51.webp?tag=1-1579799705-p-1-eoplh0pbey-2342825338f2065d"}],"main_mv_urls_h265":[{"cdn":"120.221.217.88","url":"http://120.221.217.88/upic/2018/07/06/07/BMjAxODA3MDYwNzM0MzNfMjEzNjIwMjM5XzY5ODg3MzExMDJfMV8z_hd8_Bd11a53f6835f1ef8b1a2bbef888e28ac.mp4?tag=1-1579799705-p-0-ifvylgd7zc-71bee6cd5eeaf868&provider=self&ocid=551"},{"cdn":"alimov2.a.yximgs.com","url":"http://alimov2.a.yximgs.com/upic/2018/07/06/07/BMjAxODA3MDYwNzM0MzNfMjEzNjIwMjM5XzY5ODg3MzExMDJfMV8z_hd8_Bd11a53f6835f1ef8b1a2bbef888e28ac.mp4?tag=1-1579799705-p-1-3f8rexy0dj-97ca02e3044c75ef"}],"comments":[],"us_c":0,"comment_count":251,"following":1,"kwaiId":"L550505539","verified":false,"user_sex":"F","us_l":true,"headurls":[{"cdn":"ali2.a.yximgs.com","url":"http://ali2.a.yximgs.com/uhead/AB/2019/09/16/15/BMjAxOTA5MTYxNTUxMzFfMjEzNjIwMjM5XzFfaGQ5MTlfNzA3_s.jpg","urlPattern":"http://aliimg.a.yximgs.com/uhead/AB/2019/09/16/15/BMjAxOTA5MTYxNTUxMzFfMjEzNjIwMjM5XzFfaGQ5MTlfNzA3_s.jpg@0e_0o_0l_{h}h_{w}w_85q.src"},{"cdn":"js2.a.yximgs.com","url":"http://js2.a.yximgs.com/uhead/AB/2019/09/16/15/BMjAxOTA5MTYxNTUxMzFfMjEzNjIwMjM5XzFfaGQ5MTlfNzA3_s.jpg","urlPattern":"http://js2.a.yximgs.com/uhead/AB/2019/09/16/15/BMjAxOTA5MTYxNTUxMzFfMjEzNjIwMjM5XzFfaGQ5MTlfNzA3_s.jpg@base@tag%3DimgScale%26r%3D0%26q%3D85%26w%3D{w}%26h%3D{h}%26rotate"}],"isFavorited":true,"user_name":"洛绝不认输","editInfo":{},"moodLikeType":0,"hated":0,"liked":0,"enableShareToStory":true,"us_d":1,"forward_stats_params":{"fid":"936679176","et":"1_i/2000018710097120962_p0"},"share_info":"userId=3xb9kfxwvj2nb3c&photoId=3x3hrweddppa8uu","duration":4000,"type":1,"ext_params":{"mtype":3,"color":"E2E2E2","w":928,"sound":3987,"h":718,"interval":30,"video":4000},"user_id":213620239,"exp_tag":"1_i/2000018710097120962_p0","serverExpTag":"feed_photo|5228960647474183099|213620239|1_i/2000018710097120962_p0","reco_reason":"p0","extEntry":null,"profilePagePrefetchInfo":{"profilePageType":1}},{"displayTime":null,"time":"2018-07-06 00:27:34","timestamp":1530808054384,"photo_id":5211790676283002856,"photo_status":0,"share_count":0,"view_count":228957,"like_count":8062,"caption":"照片可能有点多。","unlike_count":0,"forward_count":0,"plcFeatureEntryAbFlag":0,"noNeedToRequestPLCApi":true,"music":{"image":"http://tx2.a.yximgs.com/udata/music/bgm_IrJlFuTTtgI_R36Qx6C_EVg_scaled.jpg","chorus":56000,"duration":212,"accompanimentUrls":[{"cdn":"tx2.a.yximgs.com","url":"http://tx2.a.yximgs.com/udata/music/music_037906b4-824f-448d-87ee-e22ce5b3d41e.trans.m4a"},{"cdn":"static.yximgs.com","url":"http://static.yximgs.com/udata/music/music_037906b4-824f-448d-87ee-e22ce5b3d41e.trans.m4a"}],"begin":56000,"end":112395,"name":"I Can't Do Without U","id":"5xetpwsx3sp83bq","type":4,"url":"http://tx2.a.yximgs.com/udata/music/bm_WuS4KW4DF4g_v.m4a","imageUrls":[{"cdn":"tx2.a.yximgs.com","url":"http://tx2.a.yximgs.com/udata/music/bgm_IrJlFuTTtgI_R36Qx6C_EVg_scaled.jpg"},{"cdn":"static.yximgs.com","url":"http://static.yximgs.com/udata/music/bgm_IrJlFuTTtgI_R36Qx6C_EVg_scaled.jpg"}],"lrc":"http://tx2.a.yximgs.com/udata/music/bm_8e2rWKwPiiE_v.trcx","artist":"Axero / Adam Christopher","genreId":0,"avatarUrls":[{"cdn":"tx2.a.yximgs.com","url":"http://tx2.a.yximgs.com/udata/music/bgm_IrJlFuTTtgI_R36Qx6C_EVg_scaled.jpg"},{"cdn":"static.yximgs.com","url":"http://static.yximgs.com/udata/music/bgm_IrJlFuTTtgI_R36Qx6C_EVg_scaled.jpg"}],"audioType":1,"lrcUrls":[{"cdn":"tx2.a.yximgs.com","url":"http://tx2.a.yximgs.com/udata/music/bm_8e2rWKwPiiE_v.trcx"},{"cdn":"static.yximgs.com","url":"http://static.yximgs.com/udata/music/bm_8e2rWKwPiiE_v.trcx"}],"audioUrls":[{"cdn":"tx2.a.yximgs.com","url":"http://tx2.a.yximgs.com/udata/music/bm_WuS4KW4DF4g_v.m4a"},{"cdn":"static.yximgs.com","url":"http://static.yximgs.com/udata/music/bm_WuS4KW4DF4g_v.m4a"}],"avatarUrl":"http://tx2.a.yximgs.com/udata/music/bgm_IrJlFuTTtgI_R36Qx6C_EVg_scaled.jpg","snippetUrls":[{"cdn":"tx2.a.yximgs.com","url":"http://tx2.a.yximgs.com/udata/music/bm_WuS4KW4DF4g_vs.m4a"},{"cdn":"static.yximgs.com","url":"http://static.yximgs.com/udata/music/bm_WuS4KW4DF4g_vs.m4a"}],"snippetDuration":60,"loudness":-16.98223},"recoTags":[],"fashionEntranceShow":{"showType":3,"bizId":"5xetpwsx3sp83bq"},"sameFrame":{"allow":false},"adminTags":[],"tags":[],"tag_hash_type":1,"shareGuide":{},"cover_thumbnail_urls":[{"cdn":"hw.a.yximgs.com","url":"http://hw.a.yximgs.com/upic/2018/07/06/00/BMjAxODA3MDYwMDI3MjlfMjEzNjIwMjM5XzY5ODc1NDQ5OTdfMV82_thumbnail_Be2ceab8ea53a8184e6ed77b95f640588.webp?tag=1-1579799705-p-0-k0o27chpr0-51f08ebd3c4e5da2"},{"cdn":"js2.a.yximgs.com","url":"http://js2.a.yximgs.com/upic/2018/07/06/00/BMjAxODA3MDYwMDI3MjlfMjEzNjIwMjM5XzY5ODc1NDQ5OTdfMV82_thumbnail_Be2ceab8ea53a8184e6ed77b95f640588.webp?tag=1-1579799705-p-1-2vr5lothhb-95f37988cb55ee1d"}],"cover_urls":[{"cdn":"hw.a.yximgs.com","url":"http://hw.a.yximgs.com/upic/2018/07/06/00/BMjAxODA3MDYwMDI3MjlfMjEzNjIwMjM5XzY5ODc1NDQ5OTdfMV82_B1fb66cf34916109493b7679e1959d9d0.jpg?tag=1-1579799705-p-0-etpxfq7dik-ded4f459fc68db67"},{"cdn":"js2.a.yximgs.com","url":"http://js2.a.yximgs.com/upic/2018/07/06/00/BMjAxODA3MDYwMDI3MjlfMjEzNjIwMjM5XzY5ODc1NDQ5OTdfMV82_B1fb66cf34916109493b7679e1959d9d0.jpg?tag=1-1579799705-p-1-idnnrdmtqf-a691f93d45d6e9c6"}],"comments":[],"us_c":0,"comment_count":582,"following":1,"kwaiId":"L550505539","verified":false,"user_sex":"F","us_l":true,"headurls":[{"cdn":"ali2.a.yximgs.com","url":"http://ali2.a.yximgs.com/uhead/AB/2019/09/16/15/BMjAxOTA5MTYxNTUxMzFfMjEzNjIwMjM5XzFfaGQ5MTlfNzA3_s.jpg","urlPattern":"http://aliimg.a.yximgs.com/uhead/AB/2019/09/16/15/BMjAxOTA5MTYxNTUxMzFfMjEzNjIwMjM5XzFfaGQ5MTlfNzA3_s.jpg@0e_0o_0l_{h}h_{w}w_85q.src"},{"cdn":"js2.a.yximgs.com","url":"http://js2.a.yximgs.com/uhead/AB/2019/09/16/15/BMjAxOTA5MTYxNTUxMzFfMjEzNjIwMjM5XzFfaGQ5MTlfNzA3_s.jpg","urlPattern":"http://js2.a.yximgs.com/uhead/AB/2019/09/16/15/BMjAxOTA5MTYxNTUxMzFfMjEzNjIwMjM5XzFfaGQ5MTlfNzA3_s.jpg@base@tag%3DimgScale%26r%3D0%26q%3D85%26w%3D{w}%26h%3D{h}%26rotate"}],"isFavorited":true,"user_name":"洛绝不认输","editInfo":{},"moodLikeType":0,"hated":0,"liked":0,"enableShareToStory":true,"us_d":1,"forward_stats_params":{"fid":"936679176","et":"1_i/2000018710097120962_p0"},"share_info":"userId=3xb9kfxwvj2nb3c&photoId=3xz5bxm82fjc9j4","type":1,"ext_params":{"mtype":6,"color":"E2E2E2","f":0,"atlas":{"volume":1.0,"music":"/ufile/atlas/MjEzNjIwMjM5XzY5ODc1NDQ5OTc=.m4a","cdnList":[{"cdn":"hw.a.yximgs.com"},{"cdn":"js2.a.yximgs.com"}],"size":[{"w":1080,"h":1060},{"w":1080,"h":1068},{"w":1080,"h":1012},{"w":1080,"h":1000},{"w":1080,"h":1080},{"w":1080,"h":1190},{"w":1080,"h":1440},{"w":1080,"h":1438},{"w":1080,"h":810}],"type":1,"cdn":["hw.a.yximgs.com","js2.a.yximgs.com"],"list":["/ufile/atlas/MjEzNjIwMjM5XzY5ODc1NDQ5OTc=_0.webp","/ufile/atlas/MjEzNjIwMjM5XzY5ODc1NDQ5OTc=_1.webp","/ufile/atlas/MjEzNjIwMjM5XzY5ODc1NDQ5OTc=_2.webp","/ufile/atlas/MjEzNjIwMjM5XzY5ODc1NDQ5OTc=_3.webp","/ufile/atlas/MjEzNjIwMjM5XzY5ODc1NDQ5OTc=_4.webp","/ufile/atlas/MjEzNjIwMjM5XzY5ODc1NDQ5OTc=_5.webp","/ufile/atlas/MjEzNjIwMjM5XzY5ODc1NDQ5OTc=_6.webp","/ufile/atlas/MjEzNjIwMjM5XzY5ODc1NDQ5OTc=_7.webp","/ufile/atlas/MjEzNjIwMjM5XzY5ODc1NDQ5OTc=_8.webp"]},"w":1598,"h":1760},"user_id":213620239,"exp_tag":"1_i/2000018710097120962_p0","serverExpTag":"feed_photo|5211790676283002856|213620239|1_i/2000018710097120962_p0","reco_reason":"p0","extEntry":null,"profilePagePrefetchInfo":{"profilePageType":1}},{"displayTime":null,"time":"2018-07-03 15:50:47","timestamp":1530604247409,"photo_id":5188428250927186531,"photo_status":0,"share_count":0,"view_count":25596,"like_count":608,"caption":"安排到了","unlike_count":0,"forward_count":0,"plcFeatureEntryAbFlag":0,"noNeedToRequestPLCApi":true,"music":{"image":"http://tx2.a.yximgs.com/udata/music/bgm_YrWbFlrdD7Y_atH3Es6158k_scaled.jpg","chorus":43530,"duration":119,"name":"Jocelyn Flores","id":"5xs2uujqaxuh4tg","type":4,"url":"http://tx2.a.yximgs.com/udata/music/bm_o-c0pXhywck_v.m4a","imageUrls":[{"cdn":"tx2.a.yximgs.com","url":"http://tx2.a.yximgs.com/udata/music/bgm_YrWbFlrdD7Y_atH3Es6158k_scaled.jpg"},{"cdn":"static.yximgs.com","url":"http://static.yximgs.com/udata/music/bgm_YrWbFlrdD7Y_atH3Es6158k_scaled.jpg"}],"lrc":"http://tx2.a.yximgs.com/udata/music/music_9a79120c-ead1-4905-927b-c7a0ef55b69c.lrc","artist":"XXXTENTACION","genreId":0,"avatarUrls":[{"cdn":"tx2.a.yximgs.com","url":"http://tx2.a.yximgs.com/udata/music/bgm_YrWbFlrdD7Y_atH3Es6158k_scaled.jpg"},{"cdn":"static.yximgs.com","url":"http://static.yximgs.com/udata/music/bgm_YrWbFlrdD7Y_atH3Es6158k_scaled.jpg"}],"audioType":1,"lrcUrls":[{"cdn":"tx2.a.yximgs.com","url":"http://tx2.a.yximgs.com/udata/music/music_9a79120c-ead1-4905-927b-c7a0ef55b69c.lrc"},{"cdn":"static.yximgs.com","url":"http://static.yximgs.com/udata/music/music_9a79120c-ead1-4905-927b-c7a0ef55b69c.lrc"}],"audioUrls":[{"cdn":"tx2.a.yximgs.com","url":"http://tx2.a.yximgs.com/udata/music/bm_o-c0pXhywck_v.m4a"},{"cdn":"static.yximgs.com","url":"http://static.yximgs.com/udata/music/bm_o-c0pXhywck_v.m4a"}],"avatarUrl":"http://tx2.a.yximgs.com/udata/music/bgm_YrWbFlrdD7Y_atH3Es6158k_scaled.jpg","snippetUrls":[{"cdn":"tx2.a.yximgs.com","url":"http://tx2.a.yximgs.com/udata/music/bm_o-c0pXhywck_vs.m4a"},{"cdn":"static.yximgs.com","url":"http://static.yximgs.com/udata/music/bm_o-c0pXhywck_vs.m4a"}],"snippetDuration":60,"loudness":-18.771465},"recoTags":[],"fashionEntranceShow":{"showType":3,"bizId":"5xs2uujqaxuh4tg"},"sameFrame":{"allow":false},"adminTags":[],"tags":[],"tag_hash_type":1,"shareGuide":{},"cover_thumbnail_urls":[{"cdn":"js2.a.yximgs.com","url":"http://js2.a.yximgs.com/upic/2018/07/03/15/BMjAxODA3MDMxNTUwNDNfMjEzNjIwMjM5XzY5NDk5NDU1MzRfMV82_thumbnail_B5a21da86d8923e144d53a2b738c860a8.webp?tag=1-1579799705-p-0-3tmw0nvbd8-c53e5ec49306900c"},{"cdn":"tx2.a.yximgs.com","url":"http://tx2.a.yximgs.com/upic/2018/07/03/15/BMjAxODA3MDMxNTUwNDNfMjEzNjIwMjM5XzY5NDk5NDU1MzRfMV82_thumbnail_B5a21da86d8923e144d53a2b738c860a8.webp?tag=1-1579799705-p-1-wu0gcch1zr-45ee536df722198a"}],"cover_urls":[{"cdn":"js2.a.yximgs.com","url":"http://js2.a.yximgs.com/upic/2018/07/03/15/BMjAxODA3MDMxNTUwNDNfMjEzNjIwMjM5XzY5NDk5NDU1MzRfMV82_Bbb57cd840a6212a8270c803a234bc92f.jpg?tag=1-1579799705-p-0-d2em37ymrn-1c03e7f3677db596"},{"cdn":"tx2.a.yximgs.com","url":"http://tx2.a.yximgs.com/upic/2018/07/03/15/BMjAxODA3MDMxNTUwNDNfMjEzNjIwMjM5XzY5NDk5NDU1MzRfMV82_Bbb57cd840a6212a8270c803a234bc92f.jpg?tag=1-1579799705-p-1-uewsq1mh8v-2df7f59ac720f41b"}],"comments":[],"us_c":0,"comment_count":39,"following":1,"kwaiId":"L550505539","verified":false,"user_sex":"F","us_l":true,"headurls":[{"cdn":"ali2.a.yximgs.com","url":"http://ali2.a.yximgs.com/uhead/AB/2019/09/16/15/BMjAxOTA5MTYxNTUxMzFfMjEzNjIwMjM5XzFfaGQ5MTlfNzA3_s.jpg","urlPattern":"http://aliimg.a.yximgs.com/uhead/AB/2019/09/16/15/BMjAxOTA5MTYxNTUxMzFfMjEzNjIwMjM5XzFfaGQ5MTlfNzA3_s.jpg@0e_0o_0l_{h}h_{w}w_85q.src"},{"cdn":"js2.a.yximgs.com","url":"http://js2.a.yximgs.com/uhead/AB/2019/09/16/15/BMjAxOTA5MTYxNTUxMzFfMjEzNjIwMjM5XzFfaGQ5MTlfNzA3_s.jpg","urlPattern":"http://js2.a.yximgs.com/uhead/AB/2019/09/16/15/BMjAxOTA5MTYxNTUxMzFfMjEzNjIwMjM5XzFfaGQ5MTlfNzA3_s.jpg@base@tag%3DimgScale%26r%3D0%26q%3D85%26w%3D{w}%26h%3D{h}%26rotate"}],"isFavorited":true,"user_name":"洛绝不认输","editInfo":{},"moodLikeType":0,"hated":0,"liked":0,"us_d":1,"forward_stats_params":{"fid":"936679176","et":"1_i/2000018710097120962_p0"},"share_info":"userId=3xb9kfxwvj2nb3c&photoId=3xzjm6arwyprasa","type":1,"ext_params":{"mtype":6,"color":"E2E2E2","f":0,"atlas":{"volume":1.0,"music":"/ufile/atlas/MjEzNjIwMjM5XzY5NDk5NDU1MzQ=.m4a","cdnList":[{"cdn":"js2.a.yximgs.com"},{"cdn":"tx2.a.yximgs.com"}],"size":[{"w":1080,"h":1440},{"w":1080,"h":1440},{"w":1080,"h":1438},{"w":1080,"h":928}],"type":1,"cdn":["js2.a.yximgs.com","tx2.a.yximgs.com"],"list":["/ufile/atlas/MjEzNjIwMjM5XzY5NDk5NDU1MzQ=_0.webp","/ufile/atlas/MjEzNjIwMjM5XzY5NDk5NDU1MzQ=_1.webp","/ufile/atlas/MjEzNjIwMjM5XzY5NDk5NDU1MzQ=_2.webp","/ufile/atlas/MjEzNjIwMjM5XzY5NDk5NDU1MzQ=_3.webp"]},"w":1080,"h":1440},"user_id":213620239,"exp_tag":"1_i/2000018710097120962_p0","serverExpTag":"feed_photo|5188428250927186531|213620239|1_i/2000018710097120962_p0","reco_reason":"p0","extEntry":null,"profilePagePrefetchInfo":{"profilePageType":1}},{"displayTime":null,"time":"2018-07-03 11:20:56","timestamp":1530588056557,"photo_id":5201094625070748411,"photo_status":0,"share_count":0,"view_count":86960,"like_count":2044,"caption":"安排","unlike_count":0,"forward_count":0,"plcFeatureEntryAbFlag":0,"noNeedToRequestPLCApi":true,"music":{"image":"http://tx2.a.yximgs.com/udata/music/bgm_F-p-WjjfGcA_CLWLdSr-W3U_scaled.jpg","chorus":12417,"duration":181,"accompanimentUrls":[{"cdn":"tx2.a.yximgs.com","url":"http://tx2.a.yximgs.com/udata/music/music_b6e47586-f27f-40d4-afe7-878f56cd210a.trans.m4a"},{"cdn":"static.yximgs.com","url":"http://static.yximgs.com/udata/music/music_b6e47586-f27f-40d4-afe7-878f56cd210a.trans.m4a"}],"begin":12417,"end":28673,"name":"Send It","id":"5x4c9zhm4jssc4m","type":4,"url":"http://tx2.a.yximgs.com/udata/music/bm_EavJ9qqGW-w_v.m4a","imageUrls":[{"cdn":"tx2.a.yximgs.com","url":"http://tx2.a.yximgs.com/udata/music/bgm_F-p-WjjfGcA_CLWLdSr-W3U_scaled.jpg"},{"cdn":"static.yximgs.com","url":"http://static.yximgs.com/udata/music/bgm_F-p-WjjfGcA_CLWLdSr-W3U_scaled.jpg"}],"lrc":"http://tx2.a.yximgs.com/udata/music/music_3d030e6b-1514-47f0-a960-13a2902008b1.trcx","artist":"Austin Mahone / Rich Homie Quan","genreId":0,"avatarUrls":[{"cdn":"tx2.a.yximgs.com","url":"http://tx2.a.yximgs.com/udata/music/bgm_F-p-WjjfGcA_CLWLdSr-W3U_scaled.jpg"},{"cdn":"static.yximgs.com","url":"http://static.yximgs.com/udata/music/bgm_F-p-WjjfGcA_CLWLdSr-W3U_scaled.jpg"}],"audioType":1,"lrcUrls":[{"cdn":"tx2.a.yximgs.com","url":"http://tx2.a.yximgs.com/udata/music/music_3d030e6b-1514-47f0-a960-13a2902008b1.trcx"},{"cdn":"static.yximgs.com","url":"http://static.yximgs.com/udata/music/music_3d030e6b-1514-47f0-a960-13a2902008b1.trcx"}],"audioUrls":[{"cdn":"tx2.a.yximgs.com","url":"http://tx2.a.yximgs.com/udata/music/bm_EavJ9qqGW-w_v.m4a"},{"cdn":"static.yximgs.com","url":"http://static.yximgs.com/udata/music/bm_EavJ9qqGW-w_v.m4a"}],"avatarUrl":"http://tx2.a.yximgs.com/udata/music/bgm_F-p-WjjfGcA_CLWLdSr-W3U_scaled.jpg","snippetUrls":[{"cdn":"tx2.a.yximgs.com","url":"http://tx2.a.yximgs.com/udata/music/bm_VRn5KykqsBY_vs.m4a"},{"cdn":"static.yximgs.com","url":"http://static.yximgs.com/udata/music/bm_VRn5KykqsBY_vs.m4a"}],"snippetDuration":20,"loudness":-15.591913},"recoTags":[],"fashionEntranceShow":{"showType":3,"bizId":"5x4c9zhm4jssc4m"},"sameFrame":{"allow":false},"adminTags":[],"tags":[],"tag_hash_type":1,"shareGuide":{},"cover_thumbnail_urls":[{"cdn":"js2.a.yximgs.com","url":"http://js2.a.yximgs.com/upic/2018/07/03/11/BMjAxODA3MDMxMTIwNTFfMjEzNjIwMjM5XzY5NDY0MjExOTdfMV82_thumbnail_B5e3edce9efe59ae0f895d7efe52107fa.webp?tag=1-1579799705-p-0-6fmgpaybgl-0a5b772ad2287bfd"},{"cdn":"tx2.a.yximgs.com","url":"http://tx2.a.yximgs.com/upic/2018/07/03/11/BMjAxODA3MDMxMTIwNTFfMjEzNjIwMjM5XzY5NDY0MjExOTdfMV82_thumbnail_B5e3edce9efe59ae0f895d7efe52107fa.webp?tag=1-1579799705-p-1-z3gpxxlwkx-42dc122faaa4da27"}],"cover_urls":[{"cdn":"js2.a.yximgs.com","url":"http://js2.a.yximgs.com/upic/2018/07/03/11/BMjAxODA3MDMxMTIwNTFfMjEzNjIwMjM5XzY5NDY0MjExOTdfMV82_B57f6b222ba3509cec32b0c65783eea45.jpg?tag=1-1579799705-p-0-pxkhgywv8k-8ce257f976d98f79"},{"cdn":"tx2.a.yximgs.com","url":"http://tx2.a.yximgs.com/upic/2018/07/03/11/BMjAxODA3MDMxMTIwNTFfMjEzNjIwMjM5XzY5NDY0MjExOTdfMV82_B57f6b222ba3509cec32b0c65783eea45.jpg?tag=1-1579799705-p-1-onm3qwmssj-8c1474c3492fed26"}],"comments":[],"us_c":0,"comment_count":70,"following":1,"kwaiId":"L550505539","verified":false,"user_sex":"F","us_l":true,"headurls":[{"cdn":"ali2.a.yximgs.com","url":"http://ali2.a.yximgs.com/uhead/AB/2019/09/16/15/BMjAxOTA5MTYxNTUxMzFfMjEzNjIwMjM5XzFfaGQ5MTlfNzA3_s.jpg","urlPattern":"http://aliimg.a.yximgs.com/uhead/AB/2019/09/16/15/BMjAxOTA5MTYxNTUxMzFfMjEzNjIwMjM5XzFfaGQ5MTlfNzA3_s.jpg@0e_0o_0l_{h}h_{w}w_85q.src"},{"cdn":"js2.a.yximgs.com","url":"http://js2.a.yximgs.com/uhead/AB/2019/09/16/15/BMjAxOTA5MTYxNTUxMzFfMjEzNjIwMjM5XzFfaGQ5MTlfNzA3_s.jpg","urlPattern":"http://js2.a.yximgs.com/uhead/AB/2019/09/16/15/BMjAxOTA5MTYxNTUxMzFfMjEzNjIwMjM5XzFfaGQ5MTlfNzA3_s.jpg@base@tag%3DimgScale%26r%3D0%26q%3D85%26w%3D{w}%26h%3D{h}%26rotate"}],"isFavorited":true,"user_name":"洛绝不认输","editInfo":{},"moodLikeType":0,"hated":0,"liked":0,"enableShareToStory":true,"us_d":1,"forward_stats_params":{"fid":"936679176","et":"1_i/2000018710097120962_p0"},"share_info":"userId=3xb9kfxwvj2nb3c&photoId=3xa5dafgcvgz5p9","type":1,"ext_params":{"mtype":6,"color":"E2E2E2","f":0,"atlas":{"volume":1.0,"music":"/ufile/atlas/MjEzNjIwMjM5XzY5NDY0MjExOTc=.m4a","cdnList":[{"cdn":"js2.a.yximgs.com"},{"cdn":"tx2.a.yximgs.com"}],"size":[{"w":1080,"h":1132},{"w":1080,"h":1008}],"type":1,"cdn":["js2.a.yximgs.com","tx2.a.yximgs.com"],"list":["/ufile/atlas/MjEzNjIwMjM5XzY5NDY0MjExOTc=_0.webp","/ufile/atlas/MjEzNjIwMjM5XzY5NDY0MjExOTc=_1.webp"]},"w":1831,"h":1920},"user_id":213620239,"exp_tag":"1_i/2000018710097120962_p0","serverExpTag":"feed_photo|5201094625070748411|213620239|1_i/2000018710097120962_p0","reco_reason":"p0","extEntry":null,"profilePagePrefetchInfo":{"profilePageType":1}},{"displayTime":null,"time":"2018-05-23 01:37:26","timestamp":1527010646491,"photo_id":5243597349554271020,"photo_status":0,"share_count":0,"view_count":433406,"like_count":14547,"caption":"不好意思 别骂我 晚安","unlike_count":0,"forward_count":0,"plcFeatureEntryAbFlag":0,"noNeedToRequestPLCApi":true,"music":{"image":"http://tx2.a.yximgs.com/udata/music/cover_image_bgm_local_7a11f003-d8e1-4eb5-befc-933ed102560c.jpg","chorus":50270,"duration":242,"begin":50270,"name":"Friendships (Original Mix)","id":"5x764bfyg2zppqg","type":4,"url":"http://tx2.a.yximgs.com/udata/music/bm_2S6zFbhYvYY_v.m4a","imageUrls":[{"cdn":"tx2.a.yximgs.com","url":"http://tx2.a.yximgs.com/udata/music/cover_image_bgm_local_7a11f003-d8e1-4eb5-befc-933ed102560c.jpg"},{"cdn":"static.yximgs.com","url":"http://static.yximgs.com/udata/music/cover_image_bgm_local_7a11f003-d8e1-4eb5-befc-933ed102560c.jpg"}],"artist":"Pascal Letoublon","genreId":0,"avatarUrls":[{"cdn":"tx2.a.yximgs.com","url":"http://tx2.a.yximgs.com/udata/music/cover_image_bgm_local_7a11f003-d8e1-4eb5-befc-933ed102560c.jpg"},{"cdn":"static.yximgs.com","url":"http://static.yximgs.com/udata/music/cover_image_bgm_local_7a11f003-d8e1-4eb5-befc-933ed102560c.jpg"}],"audioType":1,"audioUrls":[{"cdn":"tx2.a.yximgs.com","url":"http://tx2.a.yximgs.com/udata/music/bm_2S6zFbhYvYY_v.m4a"},{"cdn":"static.yximgs.com","url":"http://static.yximgs.com/udata/music/bm_2S6zFbhYvYY_v.m4a"}],"avatarUrl":"http://tx2.a.yximgs.com/udata/music/cover_image_bgm_local_7a11f003-d8e1-4eb5-befc-933ed102560c.jpg","snippetUrls":[{"cdn":"tx2.a.yximgs.com","url":"http://tx2.a.yximgs.com/udata/music/bm_2S6zFbhYvYY_vs.m4a"},{"cdn":"static.yximgs.com","url":"http://static.yximgs.com/udata/music/bm_2S6zFbhYvYY_vs.m4a"}],"snippetDuration":60,"loudness":-17.441872},"recoTags":[],"fashionEntranceShow":{"showType":3,"bizId":"5x764bfyg2zppqg"},"adminTags":[],"tags":[],"tag_hash_type":1,"shareGuide":{},"main_mv_urls":[{"cdn":"upmov.a.yximgs.com","url":"http://upmov.a.yximgs.com/upic/2018/05/23/01/BMjAxODA1MjMwMTM3MjRfMjEzNjIwMjM5XzYzODkwODkzNTNfMV8z_b_B7009c7cdb9acdef1828257d6f1ce63ec.mp4?tag=1-1579799705-p-0-bewtiwgqvr-e800fb0a16cbf6de"},{"cdn":"txmov2.a.yximgs.com","url":"http://txmov2.a.yximgs.com/upic/2018/05/23/01/BMjAxODA1MjMwMTM3MjRfMjEzNjIwMjM5XzYzODkwODkzNTNfMV8z_b_B7009c7cdb9acdef1828257d6f1ce63ec.mp4?tag=1-1579799705-p-1-f6x9yjkknb-4dc1b8e692472554"}],"cover_thumbnail_urls":[{"cdn":"js2.a.yximgs.com","url":"http://js2.a.yximgs.com/upic/2018/05/23/01/BMjAxODA1MjMwMTM3MjRfMjEzNjIwMjM5XzYzODkwODkzNTNfMV8z_low_B8db0bb640246634f7bcc52a70cfdfbd8.webp?tag=1-1579799705-p-0-4qmgfrlspu-240dff7b3324eaf1"},{"cdn":"tx2.a.yximgs.com","url":"http://tx2.a.yximgs.com/upic/2018/05/23/01/BMjAxODA1MjMwMTM3MjRfMjEzNjIwMjM5XzYzODkwODkzNTNfMV8z_low_B8db0bb640246634f7bcc52a70cfdfbd8.webp?tag=1-1579799705-p-1-h95onuocyy-e9f7a063325500bc"}],"main_mv_urls_h265":[{"cdn":"upmov.a.yximgs.com","url":"http://upmov.a.yximgs.com/upic/2018/05/23/01/BMjAxODA1MjMwMTM3MjRfMjEzNjIwMjM5XzYzODkwODkzNTNfMV8z_hd8_B3faf6f91fabcb09c247b13f565aec561.mp4?tag=1-1579799705-p-0-zmcgenyjwn-9bbff2985bee79ad"},{"cdn":"txmov2.a.yximgs.com","url":"http://txmov2.a.yximgs.com/upic/2018/05/23/01/BMjAxODA1MjMwMTM3MjRfMjEzNjIwMjM5XzYzODkwODkzNTNfMV8z_hd8_B3faf6f91fabcb09c247b13f565aec561.mp4?tag=1-1579799705-p-1-1szyxeoaly-c3711d6087a6b1f9"}],"comments":[],"us_c":0,"comment_count":1127,"following":1,"kwaiId":"L550505539","verified":false,"user_sex":"F","us_l":true,"headurls":[{"cdn":"ali2.a.yximgs.com","url":"http://ali2.a.yximgs.com/uhead/AB/2019/09/16/15/BMjAxOTA5MTYxNTUxMzFfMjEzNjIwMjM5XzFfaGQ5MTlfNzA3_s.jpg","urlPattern":"http://aliimg.a.yximgs.com/uhead/AB/2019/09/16/15/BMjAxOTA5MTYxNTUxMzFfMjEzNjIwMjM5XzFfaGQ5MTlfNzA3_s.jpg@0e_0o_0l_{h}h_{w}w_85q.src"},{"cdn":"js2.a.yximgs.com","url":"http://js2.a.yximgs.com/uhead/AB/2019/09/16/15/BMjAxOTA5MTYxNTUxMzFfMjEzNjIwMjM5XzFfaGQ5MTlfNzA3_s.jpg","urlPattern":"http://js2.a.yximgs.com/uhead/AB/2019/09/16/15/BMjAxOTA5MTYxNTUxMzFfMjEzNjIwMjM5XzFfaGQ5MTlfNzA3_s.jpg@base@tag%3DimgScale%26r%3D0%26q%3D85%26w%3D{w}%26h%3D{h}%26rotate"}],"isFavorited":true,"user_name":"洛绝不认输","editInfo":{},"moodLikeType":0,"hated":0,"liked":0,"enableShareToStory":true,"us_d":1,"forward_stats_params":{"fid":"936679176","et":"1_i/2000018710097120962_p0"},"share_info":"userId=3xb9kfxwvj2nb3c&photoId=3xtecn9jcneij79","duration":4000,"type":1,"ext_params":{"mtype":3,"color":"E2E2E2","w":720,"sound":3987,"h":802,"interval":30,"video":4000},"user_id":213620239,"exp_tag":"1_i/2000018710097120962_p0","serverExpTag":"feed_photo|5243597349554271020|213620239|1_i/2000018710097120962_p0","reco_reason":"p0","extEntry":null,"profilePagePrefetchInfo":{"profilePageType":1}},{"displayTime":null,"time":"2018-05-18 21:32:31","timestamp":1526650351584,"photo_id":5248945371791599089,"photo_status":0,"share_count":0,"view_count":133639,"like_count":2489,"caption":"面子很重要吗","unlike_count":0,"forward_count":0,"plcFeatureEntryAbFlag":0,"noNeedToRequestPLCApi":true,"music":{"musicianUid":86319350,"image":"http://tx2.a.yximgs.com/udata/music/bgm_mvBE4FhpLBg_qy5NdYndNLI_scaled.jpg","chorus":394,"duration":52,"accompanimentUrls":[{"cdn":"tx2.a.yximgs.com","url":"http://tx2.a.yximgs.com/udata/music/music_defd894b-06c0-4987-85be-43acdc6fa91f.trans.m4a"},{"cdn":"static.yximgs.com","url":"http://static.yximgs.com/udata/music/music_defd894b-06c0-4987-85be-43acdc6fa91f.trans.m4a"}],"begin":394,"end":45195,"name":"我的小可爱","id":"5xrsyuwfpckkf3g","type":4,"url":"http://tx2.a.yximgs.com/udata/music/bm_P1FIQu92xsQ_v.m4a","imageUrls":[{"cdn":"tx2.a.yximgs.com","url":"http://tx2.a.yximgs.com/udata/music/bgm_mvBE4FhpLBg_qy5NdYndNLI_scaled.jpg"},{"cdn":"static.yximgs.com","url":"http://static.yximgs.com/udata/music/bgm_mvBE4FhpLBg_qy5NdYndNLI_scaled.jpg"}],"lrc":"http://tx2.a.yximgs.com/udata/music/music_f88213b4-e682-435d-a211-91853c562762.trcx","artist":"MC星辰 / 马克","genreId":0,"avatarUrls":[{"cdn":"tx2.a.yximgs.com","url":"http://tx2.a.yximgs.com/udata/music/bgm_mvBE4FhpLBg_qy5NdYndNLI_scaled.jpg"},{"cdn":"static.yximgs.com","url":"http://static.yximgs.com/udata/music/bgm_mvBE4FhpLBg_qy5NdYndNLI_scaled.jpg"}],"audioType":1,"lrcUrls":[{"cdn":"tx2.a.yximgs.com","url":"http://tx2.a.yximgs.com/udata/music/music_f88213b4-e682-435d-a211-91853c562762.trcx"},{"cdn":"static.yximgs.com","url":"http://static.yximgs.com/udata/music/music_f88213b4-e682-435d-a211-91853c562762.trcx"}],"audioUrls":[{"cdn":"tx2.a.yximgs.com","url":"http://tx2.a.yximgs.com/udata/music/bm_P1FIQu92xsQ_v.m4a"},{"cdn":"static.yximgs.com","url":"http://static.yximgs.com/udata/music/bm_P1FIQu92xsQ_v.m4a"}],"avatarUrl":"http://tx2.a.yximgs.com/udata/music/bgm_mvBE4FhpLBg_qy5NdYndNLI_scaled.jpg","snippetUrls":[{"cdn":"tx2.a.yximgs.com","url":"http://tx2.a.yximgs.com/udata/music/bm_P1FIQu92xsQ_vs.m4a"},{"cdn":"static.yximgs.com","url":"http://static.yximgs.com/udata/music/bm_P1FIQu92xsQ_vs.m4a"}],"snippetDuration":52,"loudness":-11.992318},"recoTags":[],"fashionEntranceShow":{"showType":3,"bizId":"5xrsyuwfpckkf3g"},"adminTags":[],"tags":[],"tag_hash_type":1,"shareGuide":{},"cover_thumbnail_urls":[{"cdn":"js2.a.yximgs.com","url":"http://js2.a.yximgs.com/upic/2018/05/18/21/BMjAxODA1MTgyMTMyMjlfMjEzNjIwMjM5XzYzMzI4OTMxMzBfMV82_thumbnail_Bc3c765a878176b21b8a0d46bf90c9122.webp?tag=1-1579799705-p-0-wh57cmtesp-43a476a35ddfea82"},{"cdn":"tx2.a.yximgs.com","url":"http://tx2.a.yximgs.com/upic/2018/05/18/21/BMjAxODA1MTgyMTMyMjlfMjEzNjIwMjM5XzYzMzI4OTMxMzBfMV82_thumbnail_Bc3c765a878176b21b8a0d46bf90c9122.webp?tag=1-1579799705-p-1-ob2jwnrdes-24aa75620bf27fe6"}],"cover_urls":[{"cdn":"js2.a.yximgs.com","url":"http://js2.a.yximgs.com/upic/2018/05/18/21/BMjAxODA1MTgyMTMyMjlfMjEzNjIwMjM5XzYzMzI4OTMxMzBfMV82_B52880322a755afb3060e734ec4d18a65.jpg?tag=1-1579799705-p-0-e26ga85mfe-9c393dc50152e695"},{"cdn":"tx2.a.yximgs.com","url":"http://tx2.a.yximgs.com/upic/2018/05/18/21/BMjAxODA1MTgyMTMyMjlfMjEzNjIwMjM5XzYzMzI4OTMxMzBfMV82_B52880322a755afb3060e734ec4d18a65.jpg?tag=1-1579799705-p-1-jefhfsh2uv-85e468e6c7356cf8"}],"comments":[],"us_c":0,"comment_count":99,"following":1,"kwaiId":"L550505539","verified":false,"user_sex":"F","us_l":true,"headurls":[{"cdn":"ali2.a.yximgs.com","url":"http://ali2.a.yximgs.com/uhead/AB/2019/09/16/15/BMjAxOTA5MTYxNTUxMzFfMjEzNjIwMjM5XzFfaGQ5MTlfNzA3_s.jpg","urlPattern":"http://aliimg.a.yximgs.com/uhead/AB/2019/09/16/15/BMjAxOTA5MTYxNTUxMzFfMjEzNjIwMjM5XzFfaGQ5MTlfNzA3_s.jpg@0e_0o_0l_{h}h_{w}w_85q.src"},{"cdn":"js2.a.yximgs.com","url":"http://js2.a.yximgs.com/uhead/AB/2019/09/16/15/BMjAxOTA5MTYxNTUxMzFfMjEzNjIwMjM5XzFfaGQ5MTlfNzA3_s.jpg","urlPattern":"http://js2.a.yximgs.com/uhead/AB/2019/09/16/15/BMjAxOTA5MTYxNTUxMzFfMjEzNjIwMjM5XzFfaGQ5MTlfNzA3_s.jpg@base@tag%3DimgScale%26r%3D0%26q%3D85%26w%3D{w}%26h%3D{h}%26rotate"}],"isFavorited":true,"user_name":"洛绝不认输","editInfo":{},"moodLikeType":0,"hated":0,"liked":0,"us_d":1,"forward_stats_params":{"fid":"936679176","et":"1_i/2000018710097120962_p0"},"share_info":"userId=3xb9kfxwvj2nb3c&photoId=3x9wqxhvatpid2a","type":1,"ext_params":{"mtype":6,"color":"E2E2E2","f":0,"atlas":{"volume":1.0,"music":"/ufile/atlas/MjEzNjIwMjM5XzYzMzI4OTMxMzA=.m4a","cdnList":[{"cdn":"js2.a.yximgs.com"},{"cdn":"tx2.a.yximgs.com"}],"size":[{"w":720,"h":806},{"w":720,"h":554},{"w":720,"h":762},{"w":720,"h":804},{"w":720,"h":686}],"type":1,"cdn":["js2.a.yximgs.com","tx2.a.yximgs.com"],"list":["/ufile/atlas/MjEzNjIwMjM5XzYzMzI4OTMxMzA=_0.webp","/ufile/atlas/MjEzNjIwMjM5XzYzMzI4OTMxMzA=_1.webp","/ufile/atlas/MjEzNjIwMjM5XzYzMzI4OTMxMzA=_2.webp","/ufile/atlas/MjEzNjIwMjM5XzYzMzI4OTMxMzA=_3.webp","/ufile/atlas/MjEzNjIwMjM5XzYzMzI4OTMxMzA=_4.webp"]},"w":720,"h":803},"user_id":213620239,"exp_tag":"1_i/2000018710097120962_p0","serverExpTag":"feed_photo|5248945371791599089|213620239|1_i/2000018710097120962_p0","reco_reason":"p0","extEntry":null,"profilePagePrefetchInfo":{"profilePageType":1}}],"pcursor":"no_more","llsid":"2000018710097120962","host-name":"bjfk-rs8709.yz02"}