<?xml version="1.0" encoding="UTF-8" standalone="yes"?>
<str>
	<Configure1>
		<BackUp>1</BackUp>
		<Subdir>1</Subdir>
		<Case_Sensitive>1</Case_Sensitive>
		<MutilReplace>0</MutilReplace>
		<Force_ReadOnly>0</Force_ReadOnly>
		<ReplaceType>1</ReplaceType>
	</Configure1>
	<Configure2>
		<Language>Chinese_Simplified</Language>
		<SelectFileExt>*.txt;*.htm;*.c</SelectFileExt>
		<DefaultFileExt>*.txt;*.htm;*.c;*.cpp;*.h;*.hpp;*.pas;*.dpr;*.bpr;*.asp;*.php;*.cgi;*.ini;*.bat;*.inc;*.java;*.py;*.dfm;*.js;*.sql</DefaultFileExt>
		<itsSelf>0</itsSelf>
		<OutPutDir></OutPutDir>
		<Extract_File_Source_Add>1</Extract_File_Source_Add>
		<Extract_Add_Empty_Row>0</Extract_Add_Empty_Row>
		<Extract_Include_Start>1</Extract_Include_Start>
		<Extract_Include_End>1</Extract_Include_End>
	</Configure2>
	<History>
		<Target>433A5C55736572735C77637A7A735C4465736B746F705C6A69616F62656E333834385CB1F0B4EDB9FDB5B0CCA279615C4C4953542E545854;0;463A5CCFC2D4D85CE9D9D7D3C3D4B5C3BADC5FBFECCAD6D6B1B2A55C4C4953542E545854;0;433A5C55736572735C77637A7A735C4465736B746F705C676572656E626F6B655C696D616765735C706F7274666F6C696F5C4C4953542E545854;1</Target>
		<NormalReplaceMemo1>2E6A7067</NormalReplaceMemo1>
		<NormalReplaceMemo2>2E6A706722203E</NormalReplaceMemo2>
		<CharacterReplaceMemo1></CharacterReplaceMemo1>
		<CharacterReplaceMemo2></CharacterReplaceMemo2>
		<CharacterReplaceMemo3></CharacterReplaceMemo3>
		<RegexReplaceMemo1></RegexReplaceMemo1>
		<RegexReplaceMemo2></RegexReplaceMemo2>
	</History>
	<MultiReplace>
		<RepacleRulesFile>E:\MyProject\UltraReplace\MultiRules\6666666.nrr</RepacleRulesFile>
	</MultiReplace>
	<Other>
		<DefaultEditer>notepad.exe</DefaultEditer>
	</Other>
</str>
